StockCode,Forecast_Week,Forecast_Qty
75013B,2011-01-24,21.9
85055,2011-01-31,16.95
47591B,2011-01-31,12.07
22862,2011-02-07,19.86
85064,2011-02-07,3.33
17164B,2011-02-07,13.16
85049B,2011-02-07,5.93
22415,2011-02-07,1.711666666666667
84823,2011-02-14,9.47
85232B,2011-02-21,32.17
22242,2011-02-28,24.09
20854,2011-02-28,23.78
20857,2011-02-28,9.28
21651,2011-02-28,10.22
21657,2011-02-28,3.353333333333333
21910,2011-02-28,17.97
22198,2011-02-28,46.22
62096A,2011-03-07,49.14
21692,2011-03-07,4.593333333333333
21100,2011-03-07,7.66
21911,2011-03-14,11.57
84985A,2011-03-14,29.66
84799,2011-03-14,18.43
35004C,2011-03-14,4.57
84569B,2011-03-14,9.94
84520B,2011-03-14,14.6
20681,2011-03-21,9.96
37343,2011-03-21,17.9
77101A,2011-03-28,28.97
21826,2011-03-28,8.79
21040,2011-03-28,5.75
85206A,2011-03-28,50.29
22021,2011-03-28,37.26
21392,2011-03-28,6.26
21547,2011-04-04,6.95
21393,2011-04-04,10.03
85188B,2011-04-04,12.57
84898F,2011-04-04,5.64
21357,2011-04-04,5.265
84678,2011-04-04,10.02
21717,2011-04-04,7.6
21460,2011-04-04,2.93
37444C,2011-04-04,7.08
22127,2011-04-04,24.43
35915B,2011-04-04,28.36
84313B,2011-04-11,27.9
47593A,2011-04-11,20.24
47570B,2011-04-11,32.24
75131,2011-04-11,271.66
84218,2011-04-11,11.46
84596E,2011-04-11,80.76
21319,2011-04-18,13.61
21333,2011-04-18,3.6900000000000004
84459B,2011-04-18,25.84
84751B,2011-04-18,7.876190476190475
85146,2011-04-18,9.199000000000002
35922,2011-04-18,3.39
85167B,2011-04-18,11.77
85008,2011-04-18,4.495
20785,2011-04-18,2.213333333333333
90062,2011-04-18,1.82
21736,2011-04-18,25.446666666666665
21518,2011-04-18,55.74
35915C,2011-04-18,3.996666666666667
85040B,2011-04-18,30.97
22264,2011-04-18,32.318000000000005
85186A,2011-04-25,24.32
35920,2011-04-25,9.851666666666665
84247L,2011-04-25,17.09
85205B,2011-04-25,18.02
21459,2011-04-25,10.51
21324,2011-04-25,3.52
85200,2011-04-25,8.69
84462,2011-04-25,2.66
84531A,2011-04-25,7.69
84531B,2011-04-25,23.45
37482P,2011-04-25,130.08
22444,2011-04-25,27.91
22525,2011-04-25,25.95
22168,2011-04-25,11.42
22256,2011-04-25,17.41
10002,2011-04-25,48.07
85031A,2011-04-25,7.020857142857142
22861,2011-05-02,4.91
22458,2011-05-02,97.81
84461,2011-05-02,7.65
84750B,2011-05-02,44.23
21656,2011-05-02,6.68
85188A,2011-05-02,13.41
21087,2011-05-02,35.14
21397,2011-05-02,68.76
21398,2011-05-02,98.61
84388,2011-05-02,10.8
35921,2011-05-02,7.28
85027L,2011-05-02,14.74
85006,2011-05-09,12.71
22259,2011-05-09,12.92
20803,2011-05-09,83.72
51020A,2011-05-09,84.72
85145,2011-05-09,6.755
22719,2011-05-09,44.39
20851,2011-05-09,3.0768769841269843
51020B,2011-05-09,36.38
20778,2011-05-09,2.183
21898,2011-05-09,78.91
84745B,2011-05-09,7.89
84745A,2011-05-09,7.89
84741C,2011-05-09,10.71
90185D,2011-05-09,6.02
22459,2011-05-09,50.2
22521,2011-05-09,43.18
82599,2011-05-16,9.03
21318,2011-05-16,44.6
22202,2011-05-16,1.95
22353,2011-05-16,5.08
22073,2011-05-16,4.3175
90002D,2011-05-16,2.41
35241,2011-05-16,5.1
21038,2011-05-16,4.37
84917,2011-05-16,23.44
22618,2011-05-16,1.6003571428571428
84683,2011-05-16,41.14
85144,2011-05-16,57.63
84535A,2011-05-16,8.57
84916,2011-05-16,8.6
37333,2011-05-16,14.627484126984127
84688,2011-05-23,5.65
85017C,2011-05-23,14.15
21527,2011-05-23,8.24
22518,2011-05-23,22.74
22451,2011-05-23,2.64
22926,2011-05-23,21.79
20967,2011-05-23,17.88
84760S,2011-05-23,5.35
84563A,2011-05-30,7.85
17011F,2011-05-30,21.39
20826,2011-05-30,46.64
85130A,2011-05-30,19.06
21195,2011-05-30,38.52
22272,2011-05-30,3.92
22520,2011-05-30,33.48
84906,2011-05-30,4.16
79026B,2011-05-30,1.4416666666666667
84596J,2011-05-30,21.69
84685,2011-05-30,6.38
20966,2011-05-30,20.79
22060,2011-05-30,29.88
17091A,2011-05-30,13.17
85198,2011-05-30,15.346285714285717
90125D,2011-06-06,7.71
90125A,2011-06-06,15.96
85132A,2011-06-06,18.77
22524,2011-06-06,15.16
21904,2011-06-06,4.8533333333333335
21421,2011-06-06,10.77
85185D,2011-06-06,1.8
84763,2011-06-06,6.11
20801,2011-06-06,32.31
21870,2011-06-13,22.49333333333333
47344B,2011-06-13,9.77
21399,2011-06-13,54.58
84313C,2011-06-13,137.34
84800L,2011-06-13,10.74
90175A,2011-06-13,1.3133333333333335
40003,2011-06-13,19.0
21360,2011-06-13,5.87
21043,2011-06-13,15.71
84597C,2011-06-13,2.67
79030G,2011-06-13,58.33
85232A,2011-06-13,3.54
85016,2011-06-13,15.41
22519,2011-06-20,10.6
23003,2011-06-20,31.43
35809A,2011-06-20,12.39
85019C,2011-06-20,38.06
84919,2011-06-20,3.78
17013D,2011-06-20,34.84
79071B,2011-06-20,5.233
21161,2011-06-20,13.84
84226,2011-06-20,22.41
84563B,2011-06-27,11.21
84597B,2011-06-27,10.31
47013C,2011-06-27,26.49
84279B,2011-06-27,4.21
37479B,2011-06-27,5.76
20731,2011-06-27,13.04
85132B,2011-06-27,48.57
22788,2011-06-27,10.01
22783,2011-06-27,145.04
85141,2011-06-27,8.59
21095,2011-06-27,26.46
84709B,2011-07-04,4.66
47021G,2011-07-04,185.7
62086A,2011-07-04,6.63
84631,2011-07-04,2.858206349206349
17014A,2011-07-04,6.74
84925D,2011-07-04,1.6933333333333334
84857C,2011-07-11,14.556666666666665
84865,2011-07-11,10.029333333333334
85086A,2011-07-11,10.37
20716,2011-07-11,4.005
75172,2011-07-11,28.04
22482,2011-07-18,6.51
22088,2011-07-18,40.88
84584,2011-07-18,8.33575
84686,2011-07-18,23.27
22052,2011-07-18,30.46
21781,2011-07-18,15.77
20941,2011-07-18,4.81
17090D,2011-07-18,167.67666666666665
22194,2011-07-18,5.493333333333334
79337,2011-07-18,10.7
84927E,2011-07-25,14.51
21278,2011-07-25,4.903
21307,2011-07-25,12.18
82613A,2011-07-25,17.346000000000004
21472,2011-07-25,2.36
84910A,2011-07-25,5.40952380952381
84881,2011-07-25,2.9026666666666667
21635,2011-07-25,17.64
81950V,2011-07-25,5.84
37444A,2011-07-25,3.97
84466,2011-07-25,2.92
84247G,2011-07-25,15.58995238095238
85103,2011-08-01,49.22
18007,2011-08-01,1715.2
17096,2011-08-01,193.48
22033,2011-08-01,24.35
84849B,2011-08-01,3.35
22777,2011-08-01,67.61
21361,2011-08-01,5.522
84927D,2011-08-01,17.25
21445,2011-08-01,12.85
22250,2011-08-01,5.78
84632,2011-08-01,2.3513333333333337
84789,2011-08-01,6.04
20684,2011-08-01,4.9631428571428575
84576,2011-08-01,7.28
21658,2011-08-01,27.03
90123A,2011-08-08,3.2728333333333324
84595E,2011-08-08,24.8
84925F,2011-08-08,14.32
81952B,2011-08-08,26.44
85197,2011-08-08,4.67
21187,2011-08-08,5.68
21272,2011-08-08,8.433666666666667
21171,2011-08-08,36.24
21720,2011-08-08,15.145
84629,2011-08-08,4.83
22877,2011-08-08,4.32
84847,2011-08-08,4.61
85213,2011-08-08,24.96
20980,2011-08-15,5.422999999999999
21188,2011-08-15,27.6
22443,2011-08-15,3.31
47343A,2011-08-15,34.04
84723,2011-08-15,11.32
84993B,2011-08-15,4.51
84796B,2011-08-15,2.52
84874B,2011-08-15,17.7
21792,2011-08-15,7.55
20902,2011-08-15,6.27
20897,2011-08-15,32.67
18098C,2011-08-15,4.73
21332,2011-08-22,3.071880952380953
22137,2011-08-22,7.05
21359,2011-08-22,14.47
37501,2011-08-22,3.25
20856,2011-08-22,8.47
21662,2011-08-22,2.9563452380952384
84358,2011-08-22,5.365999999999999
22461,2011-08-22,29.04
84927A,2011-08-22,7.08
85214,2011-08-22,10.33
85215,2011-08-22,31.92
35653,2011-08-22,5.18
21069,2011-08-29,416.75
20845,2011-08-29,2.17
22868,2011-08-29,5.26
22872,2011-08-29,5.6
22876,2011-08-29,5.96
21089,2011-08-29,17.53
21143,2011-08-29,10.068333333333333
84816,2011-08-29,6.567666666666668
81950B,2011-08-29,16.14
44236,2011-08-29,8.0
22480,2011-09-05,9.29
84800M,2011-09-05,17.26
85132C,2011-09-05,87.14
85025C,2011-09-05,61.549142857142854
21246,2011-09-05,16.27
84870B,2011-09-12,1.886666666666667
47348A,2011-09-12,15.44
21609,2011-09-12,6.99
22878,2011-09-12,3.18
22760,2011-09-12,36.02
37342,2011-09-12,29.62
22855,2011-09-12,9.53
21784,2011-09-12,1.2088571428571429
22157,2011-09-12,22.29
22245,2011-09-12,11.0
44092B,2011-09-12,4.283333333333333
84660B,2011-09-12,82.97
20773,2011-09-19,5.62
84800S,2011-09-19,20.83
79000,2011-09-19,27.33
35965,2011-09-19,5.79
84660C,2011-09-19,38.86
21003,2011-09-19,5.102666666666667
21033,2011-09-19,46.29
84876D,2011-09-19,9.47
21179,2011-09-19,121.06
10133,2011-09-19,119.81
21447,2011-09-19,22.04
84507B,2011-09-19,1.95
85230E,2011-09-19,50.06
84033,2011-09-26,5.42
84422,2011-09-26,31.89
17084A,2011-09-26,44.15744047619048
17084J,2011-09-26,44.15744047619048
16162L,2011-09-26,5.026666666666667
37489C,2011-09-26,6.415
90010A,2011-09-26,2.6048333333333336
79163,2011-09-26,22.96
21641,2011-09-26,388.32
22874,2011-09-26,3.82
21654,2011-09-26,11.362
23134,2011-09-26,28.25
21735,2011-09-26,14.42
21743,2011-09-26,4.46
35607B,2011-09-26,15.48
84596L,2011-09-26,33.08
84912A,2011-10-03,6.65
84251B,2011-10-03,10.040535714285715
84637,2011-10-03,3.016666666666667
84508A,2011-10-03,31.65
85049F,2011-10-03,10.19
40016,2011-10-03,190.1
44089C,2011-10-03,7.01
90185A,2011-10-03,14.304499999999997
84754,2011-10-03,28.62
90148,2011-10-03,6.892214285714286
90143,2011-10-03,5.1
84725,2011-10-03,12.143928571428571
90108,2011-10-03,13.96
84352,2011-10-03,3.1790476190476187
90003C,2011-10-03,17.91
84875D,2011-10-03,7.48
84877D,2011-10-03,10.68
22854,2011-10-03,9.86
22875,2011-10-03,4.441011904761906
22502,2011-10-03,2.17
21363,2011-10-03,4.530666666666665
22837,2011-10-03,6.527
15058C,2011-10-03,4.28
22740,2011-10-03,178.06
20774,2011-10-03,3.701666666666666
20658,2011-10-03,6.8
84625C,2011-10-10,38.29
35265,2011-10-10,3.6158333333333332
85087,2011-10-10,6.0
16169K,2011-10-10,30.94
22879,2011-10-10,2.247666666666666
85049D,2011-10-10,7.478
22244,2011-10-10,21.07
78034B,2011-10-10,1.3216666666666668
90209C,2011-10-10,11.51
90209B,2011-10-10,7.71
22927,2011-10-10,7.65
15044B,2011-10-10,3.84
22957,2011-10-10,31.06
20830,2011-10-10,6.2255
21686,2011-10-10,1.1599761904761905
84660A,2011-10-10,76.06
21637,2011-10-17,10.7
18094C,2011-10-17,8.096499999999999
22700,2011-10-17,4.008511904761906
84846A,2011-10-17,11.728666666666667
78033,2011-10-17,13.13
22883,2011-10-17,1.6693333333333333
90201C,2011-10-17,9.6
23066,2011-10-17,17.95
37467,2011-10-17,29.144833333333334
90160A,2011-10-17,2.66
90177D,2011-10-17,4.133333333333334
22858,2011-10-17,10.1
90201D,2011-10-17,7.71
85032D,2011-10-17,67.7
47574A,2011-10-17,22.38
21067,2011-10-17,4.07
23412,2011-10-17,109.08
90064B,2011-10-17,2.423547619047619
85231G,2011-10-17,39.99
90122C,2011-10-17,5.435
22035,2011-10-24,13.18
21078,2011-10-24,19.61
22336,2011-10-24,260.24
85116,2011-10-24,23.97
20984,2011-10-24,74.38
20977,2011-10-24,42.31
40046A,2011-10-24,11.93
22062,2011-10-24,20.64
84247K,2011-10-24,4.365
21294,2011-10-24,18.85
85211,2011-10-24,6.393333333333333
84952C,2011-10-24,6.54
22656,2011-10-24,1.7087467532467537
72816,2011-10-24,95.39
23124,2011-10-24,7.74
21364,2011-10-24,10.048857142857143
21634,2011-10-24,48.31
21664,2011-10-24,4.31
21448,2011-10-24,3.7684999999999995
20998,2011-10-24,9.826
72140E,2011-10-24,6.27
21476,2011-10-31,2.11
21829,2011-10-31,256.96
84452,2011-10-31,12.08
90010E,2011-10-31,2.7264999999999997
90036E,2011-10-31,4.789571428571429
22103,2011-10-31,626.94
22105,2011-10-31,217.2989523809524
84507C,2011-10-31,4.398333333333333
79144C,2011-10-31,18.22
21244,2011-10-31,8.62
44092C,2011-10-31,7.776666666666666
20903,2011-10-31,2.1866666666666665
85124C,2011-10-31,6.005
21071,2011-10-31,45.15
22049,2011-10-31,165.26
22857,2011-10-31,25.85
22849,2011-10-31,1.95
90178A,2011-10-31,2.3593333333333333
90180A,2011-10-31,4.995
35914,2011-10-31,4.14
37468,2011-10-31,5.87
37476,2011-10-31,5.909642857142858
23065,2011-10-31,10.46
84247E,2011-10-31,13.29
85036A,2011-10-31,33.44
90201A,2011-10-31,6.06
90194,2011-10-31,4.437
21750,2011-10-31,1.98
84638,2011-10-31,1.82
85186C,2011-10-31,21.82
21627,2011-10-31,2.9848095238095236
84921,2011-10-31,2.6
21738,2011-10-31,1.6656666666666666
21587,2011-10-31,30.37
20665,2011-10-31,4.97
20662,2011-10-31,3.795
22729,2011-10-31,19.62
22925,2011-11-07,9.69
22929,2011-11-07,1.6933333333333331
22569,2011-11-07,68.4
23072,2011-11-07,152.83
21613,2011-11-07,11.82
21721,2011-11-07,8.21
23071,2011-11-07,125.35
84249A,2011-11-07,6.48
84818,2011-11-07,9.21
22039,2011-11-07,28.87
85035A,2011-11-07,34.25
22136,2011-11-07,5.506666666666668
22934,2011-11-07,2.969666666666667
20702,2011-11-07,2.343666666666666
20661,2011-11-07,1.4128571428571428
85035B,2011-11-07,20.34
21157,2011-11-07,7.483250000000001
20694,2011-11-07,7.483250000000001
47367B,2011-11-07,3.7423333333333333
72134,2011-11-07,15.98
85131A,2011-11-07,7.68
21801,2011-11-07,18.72
21794,2011-11-07,26.18
21807,2011-11-07,25.85
90032,2011-11-07,3.353555555555555
22176,2011-11-07,33.79
84459A,2011-11-07,4.843333333333334
21424,2011-11-07,4.11
16248B,2011-11-07,4.897166666666666
90014B,2011-11-07,2.5168095238095236
22180,2011-11-07,9.13
90018B,2011-11-07,2.0720000000000005
90162C,2011-11-07,4.31
90162D,2011-11-07,2.063333333333333
72818,2011-11-07,344.65
21163,2011-11-07,103.19
35810A,2011-11-07,15.16
85078,2011-11-07,71.81
35912B,2011-11-07,27.15
84870C,2011-11-07,3.166785714285714
22257,2011-11-07,7.45
22871,2011-11-07,3.92
22873,2011-11-07,1.88875
22848,2011-11-07,4.29
85124B,2011-11-14,8.35
85093,2011-11-14,29.1
71496A,2011-11-14,12.99
71279,2011-11-14,15.45
79406,2011-11-14,20.17
72803A,2011-11-14,45.89
22044,2011-11-14,61.87
72802C,2011-11-14,210.02
79164,2011-11-14,44.29
21001,2011-11-14,3.5376666666666665
72802B,2011-11-14,152.53
22870,2011-11-14,2.0473333333333334
20657,2011-11-14,11.931841269841268
21586,2011-11-14,175.2
17136A,2011-11-14,78.82
22655,2011-11-14,1.4189047619047621
90191,2011-11-14,7.19
21349,2011-11-14,2.0
23064,2011-11-14,70.26
84766,2011-11-14,8.49
20696,2011-11-14,4.08
16207A,2011-11-14,2.51
85045,2011-11-14,7.02
84974,2011-11-14,5.7266666666666675
84944,2011-11-14,10.76
90003D,2011-11-14,2.91
90063B,2011-11-14,1.4189047619047621
21395,2011-11-14,35.54
90063A,2011-11-14,1.7681904761904768
90018A,2011-11-14,3.6
21555,2011-11-14,6.04
21539,2011-11-14,9.77
90170,2011-11-14,6.948666666666665
21578,2011-11-14,2.24
23187,2011-11-14,41.39
84913A,2011-11-14,9.163333333333334
21520,2011-11-14,24.41
35968,2011-11-14,13.75
35972,2011-11-14,7.46
35933,2011-11-14,15.63
84465,2011-11-14,1.6471666666666664
85017B,2011-11-14,16.26
22501,2011-11-14,11.1
35911A,2011-11-14,10.03
35913B,2011-11-14,3.23
84231,2011-11-14,16.45
20934,2011-11-14,5.09
10124A,2011-11-14,4.74
20848,2011-11-14,2.71
47351B,2011-11-14,7.15
84050,2011-11-14,61.5
20886,2011-11-14,7.15
84559B,2011-11-14,3.746666666666666
90205A,2011-11-14,1.8837857142857144
23028,2011-11-14,5.85
22950,2011-11-14,70.5
21847,2011-11-14,3.5376666666666665
21281,2011-11-21,6.05
84984A,2011-11-21,6.3420000000000005
21280,2011-11-21,6.01
21275,2011-11-21,3.5864639388389397
21394,2011-11-21,17.1
82011A,2011-11-21,2.9
84569D,2011-11-21,15.3
21817,2011-11-21,50.77
22053,2011-11-21,4.96
84457,2011-11-21,16.88
21943,2011-11-21,4.51
84915,2011-11-21,6.3
84952B,2011-11-21,3.6239999999999997
84968F,2011-11-21,1.0954166666666667
21413,2011-11-21,4.16
21458,2011-11-21,16.32
21457,2011-11-21,16.0
84795B,2011-11-21,5.47
84665,2011-11-21,3.71
84687,2011-11-21,8.46
21618,2011-11-21,57.66
90204,2011-11-21,2.65
85129C,2011-11-21,7.875
85160B,2011-11-21,22.12
23091,2011-11-21,3.52
90162B,2011-11-21,2.7857142857142856
47504K,2011-11-21,11.58
22829,2011-11-21,1.8821428571428571
47594B,2011-11-21,4.72
22322,2011-11-21,6.9
90199C,2011-11-21,2.6133333333333337
90014A,2011-11-21,3.5864639388389397
35819P,2011-11-21,9.38
35651,2011-11-21,18.31
35649,2011-11-21,3.097
22548,2011-11-21,43.07
90184C,2011-11-21,2.02
23140,2011-11-21,4.9366666666666665
35954,2011-11-21,117.52
20835,2011-11-21,10.34
37327,2011-11-21,20.03
22412,2011-11-21,10.18
46138B,2011-11-21,4.36
46776A,2011-11-21,3.2578333333333336
47369A,2011-11-21,1.642
85131C,2011-11-21,6.2
90000A,2011-11-21,1.5122857142857145
37479P,2011-11-21,8.42
20796,2011-11-21,8.52
90166,2011-11-21,2.055
40001,2011-11-21,31.64
72709,2011-11-21,5.42
22968,2011-11-21,17.236
79030D,2011-11-21,14.23
17129F,2011-11-21,20.28
22803,2011-11-21,2.6210000000000004
17084P,2011-11-21,25.24
16259,2011-11-21,30.42
22149,2011-11-21,210.27
22665,2011-11-21,10.99
22183,2011-11-21,3.51
23024,2011-11-21,29.21
22268,2011-11-21,85.89
21054,2011-11-21,3.87
90160B,2011-11-21,3.206666666666666
85230F,2011-11-21,25.44
90120C,2011-11-28,8.15
90120B,2011-11-28,7.91
21851,2011-11-28,3.5575
21824,2011-11-28,65.19
21823,2011-11-28,11.43
20754,2011-11-28,20.45
21802,2011-11-28,15.56
21626,2011-11-28,19.89
21633,2011-11-28,5.09
21631,2011-11-28,2.3916666666666666
20670,2011-11-28,1.7508015873015876
21648,2011-11-28,60.98
21643,2011-11-28,57.62
21562,2011-11-28,11.22
85216,2011-11-28,2.78
18097C,2011-11-28,8.43
21617,2011-11-28,69.47
22652,2011-11-28,21.2
84663A,2011-11-28,20.0
21741,2011-11-28,4.63
21725,2011-11-28,8.6
22570,2011-11-28,156.26
84598,2011-11-28,318.9
21758,2011-11-28,6.835
90019A,2011-11-28,3.5558809523809525
84659A,2011-11-28,10.16
21749,2011-11-28,5.822666666666666
21145,2011-11-28,9.83
23268,2011-11-28,42.42
84744,2011-11-28,9.815333333333335
21473,2011-11-28,1.7508015873015876
23057,2011-11-28,110.55
20894,2011-11-28,4.297999999999999
15058B,2011-11-28,3.45
21992,2011-11-28,35.4
23055,2011-11-28,104.16
85036B,2011-11-28,18.88
22454,2011-11-28,5.7
15060B,2011-11-28,18.77
22904,2011-11-28,33.8
37489B,2011-11-28,5.32
37489A,2011-11-28,3.83
85135B,2011-11-28,2.67
22889,2011-11-28,13.3
71101E,2011-11-28,23.836
71403,2011-11-28,6.06
21250,2011-11-28,13.85
22248,2011-11-28,14.8
23017,2011-11-28,4.08
23018,2011-11-28,1.7
21202,2011-11-28,11.27
22040,2011-11-28,31.44
22339,2011-11-28,189.76
82613C,2011-11-28,12.589500000000001
84508C,2011-11-28,5.6
22827,2011-11-28,2.17
22828,2011-11-28,1.6571666666666667
90160D,2011-11-28,9.98
22823,2011-11-28,3.2559285714285706
90160C,2011-11-28,7.7
23094,2011-11-28,3.750833333333334
84497,2011-11-28,9.218
22128,2011-11-28,36.84
21391,2011-11-28,4.36
90154,2011-11-28,19.31
10080,2011-11-28,29.43
90158,2011-11-28,3.2559285714285706
22860,2011-11-28,6.08
22856,2011-11-28,20.51
22859,2011-11-28,22.26
21331,2011-11-28,2.522
16015,2011-11-28,10.99
21030,2011-11-28,21.85
21352,2011-11-28,9.4
22881,2011-11-28,2.93
22880,2011-11-28,3.9
20837,2011-11-28,12.62
90198A,2011-11-28,8.418333333333333
85089,2011-11-28,4.485
21027,2011-11-28,6.14
21096,2011-11-28,11.91
72801G,2011-11-28,11.57
84341B,2011-11-28,33.75
35638A,2011-11-28,5.67
21031,2011-11-28,8.74
90175C,2011-11-28,2.9825
85024C,2011-12-05,2.438333333333333
23015,2011-12-05,4.046666666666666
23183,2011-12-05,5.31
15034,2011-12-05,94.52
22717,2011-12-05,29.01
22702,2011-12-05,6.05
21211,2011-12-05,16.8
85034A,2011-12-05,47.68
22715,2011-12-05,10.62
22954,2011-12-05,1.79
23087,2011-12-05,35.46
85036C,2011-12-05,84.05
22778,2011-12-05,12.82
23138,2011-12-05,16.83
90030C,2011-12-05,15.54
22885,2011-12-05,4.18
22888,2011-12-05,2.285
22892,2011-12-05,25.35
85039C,2011-12-05,1.7366666666666668
90016B,2011-12-05,1.239805555555556
23142,2011-12-05,9.055
84968C,2011-12-05,1.3665674603174605
90147,2011-12-05,3.186666666666667
16048,2011-12-05,40.3
21407,2011-12-05,1.239805555555556
23125,2011-12-05,3.55
21190,2011-12-05,21.56
21422,2011-12-05,96.33
21192,2011-12-05,15.95
16161G,2011-12-05,48.3
21372,2011-12-05,4.675
22826,2011-12-05,6.71
90098,2011-12-05,48.8925
16046,2011-12-05,8.25
22824,2011-12-05,3.243666666666667
22825,2011-12-05,4.16
23043,2011-12-05,7.87
85035C,2011-12-05,57.49
23047,2011-12-05,3.25
21206,2011-12-05,12.17
21251,2011-12-05,9.15
23032,2011-12-05,18.6
84929,2011-12-05,17.65
16162M,2011-12-05,3.57
21291,2011-12-05,25.2
21289,2011-12-05,16.49
21288,2011-12-05,3.9059999999999997
15058A,2011-12-05,2.803
21200,2011-12-05,10.31
21269,2011-12-05,2.3541666666666665
23159,2011-12-05,70.17
23160,2011-12-05,18.64
21471,2011-12-05,3.900833333333333
22912,2011-12-05,4.76
23056,2011-12-05,37.92
21277,2011-12-05,3.599380952380953
35637C,2011-12-05,2.95
35637A,2011-12-05,3.11
20802,2011-12-05,15.65
20821,2011-12-05,2.84
22503,2011-12-05,4.74
72586,2011-12-05,18.41
85161,2011-12-05,2.158904761904762
35443,2011-12-05,3.599380952380953
22516,2011-12-05,4.2685
20780,2011-12-05,6.195
35833P,2011-12-05,8.84
20838,2011-12-05,11.42
37370,2011-12-05,2.45
21000,2011-12-05,8.369
20836,2011-12-05,7.35
22450,2011-12-05,7.27
35924,2011-12-05,6.34
22477,2011-12-05,45.405
20760,2011-12-05,4.99
23519,2011-12-05,7.92
20757,2011-12-05,34.48
22263,2011-12-05,19.05
84527,2011-12-05,5.0
84522,2011-12-05,4.51
72799F,2011-12-05,4.02
85054,2011-12-05,15.97
20770,2011-12-05,1.4675
21896,2011-12-05,3.78
84508B,2011-12-05,2.14
85163A,2011-12-05,2.3848333333333334
85163B,2011-12-05,3.3478333333333334
85106,2011-12-05,9.42
21110,2011-12-05,34.41
21882,2011-12-05,23.02
84509C,2011-12-05,2.73
21112,2011-12-05,60.85
21014,2011-12-05,40.03
20756,2011-12-05,6.02
22449,2011-12-05,9.59
22241,2011-12-05,8.94
22246,2011-12-05,14.1
22051,2011-12-05,41.68
22317,2011-12-05,3.7
22247,2011-12-05,7.41
22321,2011-12-05,31.83
22236,2011-12-05,7.32
22354,2011-12-05,7.15
47586A,2011-12-05,6.742666666666666
22032,2011-12-05,13.619523809523812
85125,2011-12-05,9.7
47594A,2011-12-05,3.940833333333334
22342,2011-12-05,23.92
85127,2011-12-05,7.09
51008,2011-12-05,4.82
22258,2011-12-05,9.8
71038,2011-12-05,5.12
22270,2011-12-05,3.4384047619047613
22271,2011-12-05,48.61
22249,2011-12-05,16.74
22288,2011-12-05,3.8
22289,2011-12-05,4.32
22291,2011-12-05,7.62
22292,2011-12-05,3.045
22293,2011-12-05,4.64
72128,2011-12-05,14.62
72127,2011-12-05,13.53
46776E,2011-12-05,8.901333333333332
21973,2011-12-05,5.13
72132,2011-12-05,3.1014761904761907
20847,2011-12-05,2.875
22427,2011-12-05,30.37
72130,2011-12-05,6.96
72131,2011-12-05,22.44
84247N,2011-12-05,3.0933333333333337
71495B,2011-12-05,44.52
71510,2011-12-05,5.173333333333333
47503A,2011-12-05,90.71
20669,2011-12-05,6.45
22611,2011-12-05,9.74
84801A,2011-12-05,15.36
79063D,2011-12-05,74.43
21647,2011-12-05,2.03
21644,2011-12-05,5.88
85187,2011-12-05,7.09
21696,2011-12-05,9.95
21708,2011-12-05,5.545
20698,2011-12-05,1.6251666666666669
20697,2011-12-05,2.3279285714285716
84748,2011-12-05,5.924166666666667
78124,2011-12-05,14.57
21678,2011-12-05,13.56
85194L,2011-12-05,38.82
81952V,2011-12-05,5.41
17038,2011-12-05,39.08
21041,2011-12-05,6.24
84859A,2011-12-05,15.85
84859B,2011-12-05,6.18
17090A,2011-12-05,8.19
22689,2011-12-05,16.66
21556,2011-12-05,4.37
21581,2011-12-05,7.52
79144B,2011-12-05,7.83
20617,2011-12-05,2.796666666666667
84842,2011-12-05,2.2457499999999997
20622,2011-12-05,7.832777777777778
22637,2011-12-05,19.04
20619,2011-12-05,1.8358333333333332
84849A,2011-12-05,7.87
23297,2011-12-05,5.565
22102,2011-12-05,389.21
85175,2011-12-05,127.32
21816,2011-12-05,5.59
21815,2011-12-05,13.19
21814,2011-12-05,15.21
23397,2011-12-05,48.71
21811,2011-12-05,142.29
21793,2011-12-05,14.3
20752,2011-12-05,11.9
21117,2011-12-05,13.35
72800D,2011-12-05,3.61
23468,2011-12-05,5.3
23465,2011-12-05,8.43
21845,2011-12-05,40.31
23410,2011-12-05,5.54
85088,2011-12-05,25.49
20748,2011-12-05,3.64
21830,2011-12-05,26.12
21025,2011-12-05,2.4866666666666664
84559A,2011-12-05,23.9
84673A,2011-12-05,2.158904761904762
72817,2011-12-05,33.54
72807C,2011-12-05,133.915
82011C,2011-12-05,9.67
23348,2011-12-05,22.1
22162,2011-12-05,3.5806666666666667
82011B,2011-12-05,9.69
20711,2011-12-05,122.49
21710,2011-12-05,5.87
75011,2011-12-05,7.9
84706F,2011-12-05,3.3891666666666667
22579,2011-12-05,325.57
21709,2011-12-05,2.2525
21711,2011-12-05,7.93
21722,2011-12-05,5.85
21719,2011-12-05,11.8
84616,2011-12-05,1.623333333333333
72807A,2011-12-05,44.03
72807B,2011-12-05,43.63
23325,2011-12-05,12.12
23324,2011-12-05,10.71
21744,2011-12-05,28.4
22164,2011-12-05,16.9175
85095,2011-12-12,3.79
21207,2011-12-12,10.68
21063,2011-12-12,17.92
85096,2011-12-12,2.135
85094,2011-12-12,11.93
85114A,2011-12-12,10.43
15036,2011-12-12,108.35
21026,2011-12-12,18.31
21058,2011-12-12,5.62
21060,2011-12-12,17.89
21061,2011-12-12,18.65
21062,2011-12-12,18.35
10120,2011-12-12,12.82
21056,2011-12-12,9.15
DOT,2011-12-12,1.2383333333333333
11001,2011-12-12,23.4
21028,2011-12-12,3.1
C2,2011-12-12,6.55
21032,2011-12-12,8.993333333333334
85180A,2011-12-12,3.0860000000000003
85183A,2011-12-12,19.31
85183B,2011-12-12,31.86
16161U,2011-12-12,106.88
21125,2011-12-12,9.69
21126,2011-12-12,18.78
85184C,2011-12-12,17.22
21129,2011-12-12,6.052666666666666
20707,2011-12-12,22.7
85185B,2011-12-12,6.36
85178,2011-12-12,70.34
16156L,2011-12-12,24.98
85172,2011-12-12,91.69
90119,2011-12-12,13.17
21116,2011-12-12,26.85
90114,2011-12-12,33.46
20751,2011-12-12,7.285
90094,2011-12-12,3.655416666666666
85049H,2011-12-12,30.33
90058B,2011-12-12,48.33
85177,2011-12-12,19.57
16169M,2011-12-12,24.98
20699,2011-12-12,1.838166666666667
20653,2011-12-12,8.54
85203,2011-12-12,35.98
17107D,2011-12-12,7.59
85208,2011-12-12,64.885
16254,2011-12-12,13.005713286713288
17084R,2011-12-12,78.41
85230A,2011-12-12,33.16
17021,2011-12-12,44.48
17012B,2011-12-12,12.17
17012A,2011-12-12,7.42
16054,2011-12-12,97.42
85202,2011-12-12,12.77
20654,2011-12-12,7.44
85194S,2011-12-12,95.19
16219,2011-12-12,70.38
21147,2011-12-12,6.57
85230G,2011-12-12,36.37
20655,2011-12-12,1.2383333333333333
85170D,2011-12-12,8.06
21070,2011-12-12,41.67
85129D,2011-12-12,7.376031746031746
90206C,2011-12-12,7.72
21201,2011-12-12,30.35
90201B,2011-12-12,9.13
85131B,2011-12-12,13.67
85131D,2011-12-12,13.28
20893,2011-12-12,40.88
85129B,2011-12-12,1.179
15044A,2011-12-12,7.53
21066,2011-12-12,88.55
15044D,2011-12-12,5.05
21205,2011-12-12,4.55
90214J,2011-12-12,9.264285714285712
90214M,2011-12-12,11.09
20777,2011-12-12,10.55
85159B,2011-12-12,22.68
20775,2011-12-12,8.67
85168B,2011-12-12,4.3886666666666665
85169B,2011-12-12,7.78
20766,2011-12-12,5.98
20765,2011-12-12,4.71
16045,2011-12-12,226.28
85169D,2011-12-12,12.39
85170B,2011-12-12,2.39
85170C,2011-12-12,7.5
21114,2011-12-12,21.39
90145,2011-12-12,1.8742142857142858
21107,2011-12-12,176.0
21199,2011-12-12,19.15
90198B,2011-12-12,4.12
16012,2011-12-12,26.0
90196A,2011-12-12,1.9616666666666667
21197,2011-12-12,39.83
85159A,2011-12-12,16.43
90184B,2011-12-12,5.813
20819,2011-12-12,17.36
21106,2011-12-12,30.21
20795,2011-12-12,5.78
20794,2011-12-12,4.92
90164B,2011-12-12,4.286666666666666
90164A,2011-12-12,7.02
90186B,2011-12-12,1.903547619047619
22358,2011-12-12,13.37
47585A,2011-12-12,8.006666666666666
47578A,2011-12-12,22.0
22349,2011-12-12,20.77
22341,2011-12-12,10.25
22340,2011-12-12,74.45
47590A,2011-12-12,39.68
22378,2011-12-12,5.7
22377,2011-12-12,6.53
47566B,2011-12-12,9.44
47567B,2011-12-12,21.7
22337,2011-12-12,33.31
23177,2011-12-12,378.71
22332,2011-12-12,15.96
47599A,2011-12-12,12.21
22707,2011-12-12,54.19
47599B,2011-12-12,22.56
22325,2011-12-12,9.78
22324,2011-12-12,2.76
22318,2011-12-12,4.72
23181,2011-12-12,11.016666666666666
47518F,2011-12-12,13.75
22381,2011-12-12,54.16
22416,2011-12-12,18.11
37475,2011-12-12,5.37
37489D,2011-12-12,3.665
22676,2011-12-12,34.04
47471,2011-12-12,5.84
22684,2011-12-12,17.59
22685,2011-12-12,15.47
47481,2011-12-12,4.543666666666668
22687,2011-12-12,4.12
22399,2011-12-12,15.97
22683,2011-12-12,12.89
46000U,2011-12-12,10.6
22677,2011-12-12,32.55
46775D,2011-12-12,2.92
46776C,2011-12-12,6.343333333333333
46776F,2011-12-12,5.635
47341B,2011-12-12,5.062
47420,2011-12-12,11.21
22680,2011-12-12,76.79
22681,2011-12-12,16.96
47422,2011-12-12,7.6
22296,2011-12-12,50.55
22759,2011-12-12,100.05
23150,2011-12-12,14.65
22761,2011-12-12,7.974
23149,2011-12-12,4.772666666666667
22152,2011-12-12,73.28
22148,2011-12-12,10.05
22147,2011-12-12,41.96
23152,2011-12-12,17.4
22181,2011-12-12,15.91
72802A,2011-12-12,34.17
22120,2011-12-12,19.64
79403,2011-12-12,9.291333333333334
22781,2011-12-12,11.11
23146,2011-12-12,42.35
22770,2011-12-12,3.37
22772,2011-12-12,28.63
22129,2011-12-12,20.63
79190D,2011-12-12,18.52
22265,2011-12-12,8.58
22261,2011-12-12,5.07
71050,2011-12-12,14.62
22260,2011-12-12,13.06
22251,2011-12-12,5.93
22243,2011-12-12,2.3675
71270,2011-12-12,4.04
71406C,2011-12-12,8.02
22230,2011-12-12,16.52
22229,2011-12-12,8.34
22267,2011-12-12,46.11
22287,2011-12-12,17.25
22286,2011-12-12,9.91
22285,2011-12-12,20.41
22284,2011-12-12,22.13
51014L,2011-12-12,87.02
23161,2011-12-12,49.59
23157,2011-12-12,128.18
22735,2011-12-12,34.62
22223,2011-12-12,6.83
23164,2011-12-12,13.31
72133,2011-12-12,9.264285714285712
72225C,2011-12-12,27.47
23162,2011-12-12,64.25
23402,2011-12-12,23.77
23409,2011-12-12,13.94
23411,2011-12-12,13.07
23414,2011-12-12,10.81
22537,2011-12-12,98.94
23285,2011-12-12,7.05
23282,2011-12-12,28.79
23420,2011-12-12,5.47
23421,2011-12-12,17.44
23422,2011-12-12,7.86
23456,2011-12-12,14.54
23460,2011-12-12,35.09
23470,2011-12-12,19.16
23471,2011-12-12,7.05
22609,2011-12-12,234.26
23476,2011-12-12,45.28
23477,2011-12-12,12.385833333333332
23423,2011-12-12,14.82
23431,2011-12-12,20.01
23433,2011-12-12,58.56
23436,2011-12-12,60.42
22535,2011-12-12,61.94
22538,2011-12-12,39.51
23373,2011-12-12,67.88
23306,2011-12-12,18.04
23327,2011-12-12,99.2
22575,2011-12-12,20.48
22565,2011-12-12,42.56
22572,2011-12-12,33.81
22559,2011-12-12,2.8714999999999997
23299,2011-12-12,6.82
23288,2011-12-12,23.14
22589,2011-12-12,16.05
22591,2011-12-12,35.24
22580,2011-12-12,78.29
22541,2011-12-12,8.21
35598D,2011-12-12,37.89
35599B,2011-12-12,68.84
35599D,2011-12-12,34.42
35646,2011-12-12,10.57
22649,2011-12-12,25.35
22504,2011-12-12,8.035
35810B,2011-12-12,6.86
35818P,2011-12-12,14.37
35819B,2011-12-12,25.41
22497,2011-12-12,1.03
35598B,2011-12-12,40.91
22526,2011-12-12,2.0241666666666664
22523,2011-12-12,16.86
22514,2011-12-12,2.726666666666666
37340,2011-12-12,33.64
23218,2011-12-12,10.92
37413,2011-12-12,45.53
37447,2011-12-12,21.695999999999998
35971,2011-12-12,21.16
35923,2011-12-12,44.6
23226,2011-12-12,39.65
23225,2011-12-12,64.14
22479,2011-12-12,6.32
23513,2011-12-12,22.515
23514,2011-12-12,22.06
23516,2011-12-12,16.02
23517,2011-12-12,21.78
23518,2011-12-12,14.25
23520,2011-12-12,6.85
23484,2011-12-12,16.05
23492,2011-12-12,18.48
23528,2011-12-12,22.95
23566,2011-12-12,144.24
23567,2011-12-12,25.75
23568,2011-12-12,112.67
23529,2011-12-12,14.56
23539,2011-12-12,9.09
23541,2011-12-12,27.69
23549,2011-12-12,46.42
22106,2011-12-12,26.23
23054,2011-12-12,3.3080000000000003
23052,2011-12-12,6.12
21642,2011-12-12,40.74
23051,2011-12-12,4.32
84827,2011-12-12,56.49
21636,2011-12-12,34.07
21675,2011-12-12,27.91
21695,2011-12-12,10.62
21694,2011-12-12,10.49
21688,2011-12-12,7.93
21683,2011-12-12,23.37
21682,2011-12-12,18.51
22911,2011-12-12,15.95
22913,2011-12-12,5.95
21677,2011-12-12,22.69
84796A,2011-12-12,2.9564642857142855
21676,2011-12-12,10.32
23050,2011-12-12,4.8
84876B,2011-12-12,8.46
84877B,2011-12-12,18.0
23046,2011-12-12,4.99
23045,2011-12-12,5.55
21558,2011-12-12,29.82
84882,2011-12-12,2.5252261904761912
23042,2011-12-12,10.7
84884A,2011-12-12,8.06
23044,2011-12-12,14.31
84875B,2011-12-12,5.93
21624,2011-12-12,11.42
23049,2011-12-12,5.63
21577,2011-12-12,35.98
23048,2011-12-12,18.551666666666666
21615,2011-12-12,60.29
22933,2011-12-12,13.005713286713288
84849D,2011-12-12,8.01
21580,2011-12-12,14.15
84859C,2011-12-12,25.195
84912B,2011-12-12,5.94
21821,2011-12-12,15.89
21820,2011-12-12,22.99
84568,2011-12-12,382.38
84569A,2011-12-12,5.98
22882,2011-12-12,1.838166666666667
22884,2011-12-12,1.8005000000000002
84580,2011-12-12,19.55
84581,2011-12-12,8.82
22886,2011-12-12,3.116
22887,2011-12-12,2.885
84592,2011-12-12,7.44
21804,2011-12-12,22.77
21789,2011-12-12,28.76
22869,2011-12-12,1.14
84558A,2011-12-12,12.87
21868,2011-12-12,43.32
21849,2011-12-12,5.355
21841,2011-12-12,28.41
84536B,2011-12-12,34.11
23069,2011-12-12,6.17
84673B,2011-12-12,8.38
84674,2011-12-12,1.8005000000000002
21723,2011-12-12,18.1
22902,2011-12-12,38.96
84711A,2011-12-12,2.2743333333333333
84712B,2011-12-12,2.17
21775,2011-12-12,4.98
21774,2011-12-12,4.38
21773,2011-12-12,5.68
21761,2011-12-12,13.005713286713288
84609,2011-12-12,8.56
23070,2011-12-12,7.93
21747,2011-12-12,14.55
21746,2011-12-12,12.14
23073,2011-12-12,7.66
21528,2011-12-12,2.2525
21311,2011-12-12,11.68
21306,2011-12-12,13.34
21293,2011-12-12,9.88
22974,2011-12-12,38.6
21279,2011-12-12,7.12
21270,2011-12-12,1.14
21376,2011-12-12,5.151285714285714
21375,2011-12-12,6.732250000000001
21374,2011-12-12,26.96
21369,2011-12-12,12.07
21368,2011-12-12,11.364166666666666
21367,2011-12-12,13.437999999999999
21356,2011-12-12,11.55
84988,2011-12-12,75.08
21354,2011-12-12,26.59
84989A,2011-12-12,4.716666666666666
84987,2011-12-12,120.06
22963,2011-12-12,49.15
85024B,2011-12-12,14.48
85025B,2011-12-12,12.67
85023B,2011-12-12,3.5836666666666663
21215,2011-12-12,24.32
85020,2011-12-12,11.7
22977,2011-12-12,14.6
22978,2011-12-12,13.82
84913B,2011-12-12,8.123333333333333
84931B,2011-12-12,17.11
22943,2011-12-12,17.28
21470,2011-12-12,11.82
21468,2011-12-12,3.638666666666667
21467,2011-12-12,7.376031746031746
21465,2011-12-12,8.2
22945,2011-12-12,108.78
21464,2011-12-12,12.26
23027,2011-12-12,34.77
84922,2011-12-12,2.384333333333333
84924A,2011-12-12,4.8
23039,2011-12-12,43.49
84926A,2011-12-12,28.36
23038,2011-12-12,5.61
84931A,2011-12-12,9.09
21503,2011-12-12,24.98
21500,2011-12-12,238.44
22962,2011-12-12,59.5
22947,2011-12-12,33.3
23025,2011-12-12,14.03
84969,2011-12-12,10.49
21402,2011-12-12,46.6
21400,2011-12-12,16.2
23010,2011-12-12,6.64
21389,2011-12-12,20.38
21386,2011-12-12,59.71
21382,2011-12-12,11.66
21380,2011-12-12,30.07
23008,2011-12-12,9.73
23023,2011-12-12,11.96
23022,2011-12-12,40.08
22949,2011-12-12,7.175
84951A,2011-12-12,30.88
84968A,2011-12-12,5.52
21426,2011-12-12,14.68
22903,2011-12-12,7.24
22831,2011-12-12,17.05
21946,2011-12-12,8.26
21942,2011-12-12,19.37
84279P,2011-12-12,12.9
21937,2011-12-12,31.69
23102,2011-12-12,18.12
22821,2011-12-12,17.28
84228,2011-12-12,11.59
21972,2011-12-12,24.21
22820,2011-12-12,12.55
21949,2011-12-12,8.85
21948,2011-12-12,18.99
23096,2011-12-12,41.35
82552,2011-12-12,94.61
21927,2011-12-12,15.3
22832,2011-12-12,5.24
84360,2011-12-12,1.8742142857142858
82616B,2011-12-12,14.43
22812,2011-12-12,20.01
22043,2011-12-12,75.59
23119,2011-12-12,34.11
22810,2011-12-12,87.93
22026,2011-12-12,29.09
23116,2011-12-12,3.65
84086C,2011-12-12,19.57
84192,2011-12-12,12.0
22817,2011-12-12,46.85
84078A,2011-12-12,8.628333333333332
22047,2011-12-12,115.86
22048,2011-12-12,29.7
22050,2011-12-12,31.31
22089,2011-12-12,36.19
21881,2011-12-12,15.4
23130,2011-12-12,57.97
23086,2011-12-12,64.65
23129,2011-12-12,50.37
21906,2011-12-12,6.267500000000001
21879,2011-12-12,18.01
22843,2011-12-12,21.45
22842,2011-12-12,20.04
23093,2011-12-12,23.23
21888,2011-12-12,67.79
22104,2011-12-12,9.155
84510C,2011-12-12,7.053333333333334
84406B,2011-12-12,36.09
21884,2011-12-12,13.39
23012,2011-12-19,24.03
22951,2011-12-19,90.64
22779,2011-12-19,12.18
22751,2011-12-19,36.33
23122,2011-12-19,12.01
23154,2011-12-19,108.45
22988,2011-12-19,105.96
22806,2011-12-19,44.79
23267,2011-12-19,23.34
23271,2011-12-19,30.86
22786,2011-12-19,23.32
22805,2011-12-19,15.84
16169E,2011-12-19,248.79
23014,2011-12-19,10.18
22752,2011-12-19,115.92
23307,2011-12-19,173.05
22603,2011-12-19,38.1
23269,2011-12-19,13.16
22953,2011-12-19,14.68
22985,2011-12-19,25.26
22573,2011-12-19,105.03
22955,2011-12-19,50.95
22986,2011-12-19,113.16
23013,2011-12-19,30.73
23136,2011-12-19,16.11
20676,2011-12-19,36.81
23137,2011-12-19,9.336666666666666
23270,2011-12-19,22.71
22952,2011-12-19,500.95
22996,2011-12-19,60.64
23155,2011-12-19,11.74
22604,2011-12-19,11.03
23016,2011-12-19,7.26
22753,2011-12-19,127.33
22975,2011-12-19,18.24
23121,2011-12-19,10.81
22610,2011-12-19,162.31
23310,2011-12-19,351.39
22784,2011-12-19,30.9
23158,2011-12-19,68.62
22946,2011-12-19,15.98
22991,2011-12-19,44.83
23256,2011-12-19,87.92
23311,2011-12-19,63.4
22747,2011-12-19,13.75
90057,2011-12-19,45.76
22994,2011-12-19,69.15
22809,2011-12-19,59.91
22567,2011-12-19,25.02
16216,2011-12-19,109.25
23026,2011-12-19,7.42
22613,2011-12-19,39.58
23255,2011-12-19,26.73
22746,2011-12-19,24.87
23133,2011-12-19,8.19
23029,2011-12-19,22.72
22782,2011-12-19,2.5925
22614,2011-12-19,33.71
22745,2011-12-19,22.7
22944,2011-12-19,62.97
90129B,2011-12-19,3.16
22615,2011-12-19,19.81
22992,2011-12-19,99.87
23254,2011-12-19,45.05
22744,2011-12-19,92.33
85199L,2011-12-19,44.3
23118,2011-12-19,58.59
22605,2011-12-19,10.27
22990,2011-12-19,72.69
22568,2011-12-19,40.03
20675,2011-12-19,14.28
23132,2011-12-19,11.62
22750,2011-12-19,43.41
22606,2011-12-19,5.05
23266,2011-12-19,64.3
23019,2011-12-19,7.88
22989,2011-12-19,14.92
23020,2011-12-19,19.84
22995,2011-12-19,36.2
23308,2011-12-19,98.35
22571,2011-12-19,144.62
22607,2011-12-19,16.86
23021,2011-12-19,6.39
23272,2011-12-19,60.38
22748,2011-12-19,15.45
23265,2011-12-19,117.39
22785,2011-12-19,79.39
22807,2011-12-19,65.76
23135,2011-12-19,9.549999999999999
23312,2011-12-19,44.73
23264,2011-12-19,78.35
22749,2011-12-19,61.77
22608,2011-12-19,98.2
20674,2011-12-19,15.39
22808,2011-12-19,17.15
23263,2011-12-19,118.65
15039,2011-12-19,4.56
23309,2011-12-19,177.38
22948,2011-12-19,27.04
23120,2011-12-19,13.83
22780,2011-12-19,15.13
23156,2011-12-19,19.91
22802,2011-12-19,8.81
22574,2011-12-19,76.7
23143,2011-12-19,8.897444444444446
23287,2011-12-19,17.16
23004,2011-12-19,73.22
90086,2011-12-19,40.44
22999,2011-12-19,53.9
22970,2011-12-19,52.29
22797,2011-12-19,2.31
23286,2011-12-19,28.1
23296,2011-12-19,55.38
23147,2011-12-19,35.54
23005,2011-12-19,65.92
22969,2011-12-19,102.04
22763,2011-12-19,7.23
90087,2011-12-19,43.78
22582,2011-12-19,5.82
22792,2011-12-19,108.51
90093,2011-12-19,17.839333333333332
22774,2011-12-19,37.42
22762,2011-12-19,5.73
15030,2011-12-19,13.29
23298,2011-12-19,71.45
23284,2011-12-19,67.24
23148,2011-12-19,39.21
22766,2011-12-19,24.58
22593,2011-12-19,45.45
22979,2011-12-19,35.12
23127,2011-12-19,27.41
22966,2011-12-19,127.56
22581,2011-12-19,136.81
22967,2011-12-19,11.23
22592,2011-12-19,23.32
20682,2011-12-19,58.97
22796,2011-12-19,8.96
22588,2011-12-19,18.08
22971,2011-12-19,30.12
16161P,2011-12-19,86.02
90082B,2011-12-19,26.77285714285714
22976,2011-12-19,25.45
23145,2011-12-19,47.59
22584,2011-12-19,40.68
23293,2011-12-19,330.46
22586,2011-12-19,16.19
M,2011-12-19,380.92
20686,2011-12-19,5.27
22585,2011-12-19,72.15
22794,2011-12-19,8.28
23128,2011-12-19,15.28
22771,2011-12-19,40.92
23144,2011-12-19,107.92
23291,2011-12-19,39.14
22594,2011-12-19,32.55
23002,2011-12-19,80.98
22973,2011-12-19,44.57
23295,2011-12-19,83.81
22773,2011-12-19,25.42
22767,2011-12-19,16.65
20685,2011-12-19,70.53
90082A,2011-12-19,1.744392857142857
22972,2011-12-19,17.52
23290,2011-12-19,152.04
22583,2011-12-19,7.2
23294,2011-12-19,55.67
23289,2011-12-19,15.04
22587,2011-12-19,25.33
22795,2011-12-19,31.33
10135,2011-12-19,24.87
22768,2011-12-19,36.76
23000,2011-12-19,49.2
23006,2011-12-19,22.73
22980,2011-12-19,8.53
23141,2011-12-19,15.15
23274,2011-12-19,22.72
23292,2011-12-19,110.33
23302,2011-12-19,145.93
16168M,2011-12-19,21.0
90030B,2011-12-19,17.34
22600,2011-12-19,70.96
23009,2011-12-19,5.36
22756,2011-12-19,92.6
22960,2011-12-19,160.37
23301,2011-12-19,235.62
20677,2011-12-19,66.0
22757,2011-12-19,221.34
23275,2011-12-19,205.55
22801,2011-12-19,45.73
22997,2011-12-19,51.31
22983,2011-12-19,54.54
90099,2011-12-19,2.868809523809524
22959,2011-12-19,113.57
22602,2011-12-19,54.07
22789,2011-12-19,29.12
23305,2011-12-19,17.02
22754,2011-12-19,263.59
23131,2011-12-19,14.11
22956,2011-12-19,150.55
23153,2011-12-19,9.19
22984,2011-12-19,14.66
23123,2011-12-19,20.63
23273,2011-12-19,27.23
22755,2011-12-19,244.75
22601,2011-12-19,50.5
22776,2011-12-19,17.72
20705,2011-12-19,8.61
23304,2011-12-19,15.72
22804,2011-12-19,69.45
22599,2011-12-19,60.16
22961,2011-12-19,525.06
16156S,2011-12-19,71.14
22596,2011-12-19,274.22
22964,2011-12-19,34.78
22998,2011-12-19,142.51
90081C,2011-12-19,26.77285714285714
22981,2011-12-19,33.16
20679,2011-12-19,39.8
85232D,2011-12-19,5.18
22799,2011-12-19,14.313333333333334
22595,2011-12-19,37.4
22798,2011-12-19,155.56
23283,2011-12-19,24.77
22965,2011-12-19,18.86
10125,2011-12-19,19.77
22578,2011-12-19,555.88
23139,2011-12-19,24.6
23300,2011-12-19,198.86
23126,2011-12-19,32.66
20704,2011-12-19,25.36466666666667
22800,2011-12-19,26.46
23280,2011-12-19,88.44
22758,2011-12-19,195.48
22598,2011-12-19,13.3
22982,2011-12-19,12.37
22791,2011-12-19,170.01
22576,2011-12-19,70.78
23007,2011-12-19,8.4
90081A,2011-12-19,1.9176666666666664
23281,2011-12-19,87.95
22775,2011-12-19,51.73
22577,2011-12-19,314.79
22597,2011-12-19,139.0
23151,2011-12-19,19.005
22694,2011-12-19,37.03
90214L,2011-12-19,18.85
90129C,2011-12-19,2.2
22710,2011-12-19,37.52
22899,2011-12-19,78.92
23209,2011-12-19,265.1
23210,2011-12-19,126.67
90161C,2011-12-19,3.67
22664,2011-12-19,59.98
22711,2011-12-19,68.51
22900,2011-12-19,66.43
22839,2011-12-19,4.53
23211,2011-12-19,65.34
22663,2011-12-19,42.62
23068,2011-12-19,15.79
22712,2011-12-19,182.34
90200B,2011-12-19,6.6033333333333335
23180,2011-12-19,9.58
22838,2011-12-19,18.61
23212,2011-12-19,92.59
22666,2011-12-19,214.17
22840,2011-12-19,25.72
22898,2011-12-19,51.34
22667,2011-12-19,83.27
22896,2011-12-19,15.7
23206,2011-12-19,94.91
23074,2011-12-19,14.39
22670,2011-12-19,48.27
23182,2011-12-19,21.13
22841,2011-12-19,4.98
23207,2011-12-19,90.47
23092,2011-12-19,20.44
85230B,2011-12-19,28.88
22669,2011-12-19,14.22
22668,2011-12-19,9.6
90161D,2011-12-19,15.42
22897,2011-12-19,40.81
23208,2011-12-19,124.88
16238,2011-12-19,30.25
22708,2011-12-19,37.23
17084N,2011-12-19,52.71
22709,2011-12-19,25.26
16008,2011-12-19,271.92
90200A,2011-12-19,10.003095238095238
23213,2011-12-19,74.99
23067,2011-12-19,12.45
22909,2011-12-19,279.68
23219,2011-12-19,16.11
90161B,2011-12-19,4.22
22659,2011-12-19,51.0
23176,2011-12-19,32.12
22910,2011-12-19,417.97
23099,2011-12-19,3.19
23220,2011-12-19,37.06
15056P,2011-12-19,29.91
22834,2011-12-19,37.54
23060,2011-12-19,13.48
23221,2011-12-19,32.5
22720,2011-12-19,75.45
23222,2011-12-19,31.46
23058,2011-12-19,47.84
22721,2011-12-19,104.76
23223,2011-12-19,24.2
22718,2011-12-19,14.4
22716,2011-12-19,41.5
90200D,2011-12-19,11.06
16237,2011-12-19,98.15
22713,2011-12-19,23.79
23179,2011-12-19,22.94
23214,2011-12-19,18.1
17091J,2011-12-19,130.2
22661,2011-12-19,55.45
22905,2011-12-19,40.89
22714,2011-12-19,26.4
22835,2011-12-19,106.32
22662,2011-12-19,63.12
22906,2011-12-19,88.94
23215,2011-12-19,169.4
22907,2011-12-19,98.48
16016,2011-12-19,54.15
23216,2011-12-19,18.45
22660,2011-12-19,18.07
22908,2011-12-19,73.88
23061,2011-12-19,33.2
23217,2011-12-19,48.66
23178,2011-12-19,17.36
85212,2011-12-19,21.84
22671,2011-12-19,5.8
22706,2011-12-19,35.09
23194,2011-12-19,18.68
23189,2011-12-19,25.63
90192,2011-12-19,8.431666666666667
23196,2011-12-19,32.04
22688,2011-12-19,8.744833333333334
22866,2011-12-19,407.97
23085,2011-12-19,14.78
23080,2011-12-19,151.45
23197,2011-12-19,74.42
22686,2011-12-19,27.96
22851,2011-12-19,25.14
90195A,2011-12-19,6.462999999999999
85227,2011-12-19,27.13
23198,2011-12-19,99.28
22698,2011-12-19,65.96
22867,2011-12-19,382.7
23188,2011-12-19,158.84
90183A,2011-12-19,4.023333333333333
22697,2011-12-19,85.89
22865,2011-12-19,401.04
22690,2011-12-19,21.24
23083,2011-12-19,74.76
22695,2011-12-19,99.47
23191,2011-12-19,45.42
23192,2011-12-19,138.87
22693,2011-12-19,174.8
22853,2011-12-19,23.25
17003,2011-12-19,211.88
16014,2011-12-19,327.23
23199,2011-12-19,155.24
22692,2011-12-19,13.15
23084,2011-12-19,2704.31
22852,2011-12-19,12.5
22696,2011-12-19,14.44
23190,2011-12-19,25.91
23193,2011-12-19,81.37
22863,2011-12-19,3.82
23081,2011-12-19,20.14
22691,2011-12-19,9.85
23082,2011-12-19,75.28
22847,2011-12-19,53.3
22682,2011-12-19,39.44
23079,2011-12-19,11.81
23076,2011-12-19,100.96
16011,2011-12-19,48.64
23203,2011-12-19,482.67
22893,2011-12-19,28.1
22675,2011-12-19,32.68
17012F,2011-12-19,23.12
22894,2011-12-19,5.11
23090,2011-12-19,164.87
23184,2011-12-19,28.65
22704,2011-12-19,103.12
23204,2011-12-19,139.98
22674,2011-12-19,17.31
22705,2011-12-19,26.76
22673,2011-12-19,13.22
22895,2011-12-19,11.77
23205,2011-12-19,76.96
23075,2011-12-19,10.08
22672,2011-12-19,45.53
22844,2011-12-19,12.19
23175,2011-12-19,14.24
22845,2011-12-19,9.97
23089,2011-12-19,44.1
22699,2011-12-19,95.04
17012C,2011-12-19,17.55
23200,2011-12-19,48.9
16258A,2011-12-19,95.99
23078,2011-12-19,45.86
23088,2011-12-19,17.14
22701,2011-12-19,29.87
22846,2011-12-19,16.94
22891,2011-12-19,6.44
23201,2011-12-19,163.35
22679,2011-12-19,5.64
22890,2011-12-19,14.34
17012D,2011-12-19,25.16
23185,2011-12-19,19.91
23077,2011-12-19,359.41
23202,2011-12-19,165.09
22678,2011-12-19,45.46
22703,2011-12-19,38.63
23186,2011-12-19,43.24
23224,2011-12-19,22.7
22654,2011-12-19,19.63
23100,2011-12-19,50.09
23110,2011-12-19,13.61
22627,2011-12-19,29.09
23041,2011-12-19,5.66
20659,2011-12-19,4.87
22813,2011-12-19,30.31
85199S,2011-12-19,74.49
23242,2011-12-19,96.05
90214K,2011-12-19,13.494166666666665
22626,2011-12-19,11.92
22736,2011-12-19,31.59
22939,2011-12-19,41.97
23243,2011-12-19,59.84
23165,2011-12-19,65.81
22625,2011-12-19,26.5
90214P,2011-12-19,10.003095238095238
23111,2011-12-19,26.56
90214S,2011-12-19,12.96
23166,2011-12-19,82.17
23241,2011-12-19,45.97
22628,2011-12-19,34.97
22938,2011-12-19,37.51
23237,2011-12-19,22.38
90214D,2011-12-19,13.651833333333334
22631,2011-12-19,55.73
22733,2011-12-19,54.19
90214E,2011-12-19,13.651833333333334
23238,2011-12-19,110.99
23167,2011-12-19,188.86
22630,2011-12-19,86.49
23040,2011-12-19,9.74
23109,2011-12-19,128.35
23239,2011-12-19,33.97
22937,2011-12-19,18.313333333333333
22815,2011-12-19,19.8
90214H,2011-12-19,11.93
22629,2011-12-19,284.61
23240,2011-12-19,89.91
22814,2011-12-19,121.7
22734,2011-12-19,61.79
90214G,2011-12-19,9.67
23244,2011-12-19,25.24
22737,2011-12-19,27.65
22624,2011-12-19,26.15
20668,2011-12-19,806.46
23034,2011-12-19,13.03
23251,2011-12-19,76.26
23117,2011-12-19,9.15
22620,2011-12-19,41.74
23033,2011-12-19,14.68
22742,2011-12-19,70.21
22811,2011-12-19,61.73
22941,2011-12-19,87.68
23252,2011-12-19,7.33
22619,2011-12-19,63.82
22617,2011-12-19,75.16
15044C,2011-12-19,2.15
23253,2011-12-19,3.315
22743,2011-12-19,85.19
22942,2011-12-19,54.17
22616,2011-12-19,166.32
90129F,2011-12-19,6.72
16218,2011-12-19,119.59
22816,2011-12-19,119.04
22741,2011-12-19,126.22
23250,2011-12-19,45.07
23112,2011-12-19,23.54
23245,2011-12-19,71.23
22623,2011-12-19,15.22
22940,2011-12-19,38.45
22738,2011-12-19,58.73
23247,2011-12-19,58.19
23113,2011-12-19,7.87
BANK CHARGES,2011-12-19,8.897444444444446
22621,2011-12-19,121.54
23037,2011-12-19,28.86
23036,2011-12-19,14.04
22739,2011-12-19,36.05
23114,2011-12-19,10.73
23249,2011-12-19,9.578
22622,2011-12-19,29.64
23163,2011-12-19,30.43
23035,2011-12-19,43.98
23115,2011-12-19,22.16
85231B,2011-12-19,15.94
23031,2011-12-19,42.68
23108,2011-12-19,53.35
23168,2011-12-19,74.85
22725,2011-12-19,37.77
23173,2011-12-19,22.48
23229,2011-12-19,99.37
15056N,2011-12-19,49.59
22919,2011-12-19,13.18
22647,2011-12-19,68.38
22726,2011-12-19,140.02
23103,2011-12-19,73.52
22646,2011-12-19,386.83
23172,2011-12-19,54.0
16235,2011-12-19,37.03
22920,2011-12-19,23.93
22921,2011-12-19,15.43
23230,2011-12-19,113.86
22645,2011-12-19,157.95
22727,2011-12-19,629.28
22922,2011-12-19,46.84
22918,2011-12-19,20.0
85204,2011-12-19,38.82
20616,2011-12-19,7.79
22723,2011-12-19,98.57
90161A,2011-12-19,1.744392857142857
22653,2011-12-19,10.085
16236,2011-12-19,17.95
22722,2011-12-19,40.75
90200E,2011-12-19,19.67
23227,2011-12-19,18.73
23174,2011-12-19,19.52
22914,2011-12-19,4.06
23171,2011-12-19,48.56
20615,2011-12-19,8.8
23101,2011-12-19,21.45
22915,2011-12-19,322.63
23228,2011-12-19,18.75
22916,2011-12-19,13.98
22650,2011-12-19,31.14
22917,2011-12-19,22.27
22822,2011-12-19,3.907
23053,2011-12-19,5.85
22651,2011-12-19,14.1
23104,2011-12-19,14.07
22644,2011-12-19,325.25
22923,2011-12-19,46.84
23169,2011-12-19,31.54
23233,2011-12-19,60.63
22635,2011-12-19,12.83
23107,2011-12-19,22.425333333333327
22932,2011-12-19,11.44
22818,2011-12-19,78.74
23234,2011-12-19,46.76
90214A,2011-12-19,16.01
22731,2011-12-19,18.2
22634,2011-12-19,21.18
23235,2011-12-19,51.29
16225,2011-12-19,56.03
22935,2011-12-19,4.76
90214C,2011-12-19,14.44
22633,2011-12-19,176.74
22732,2011-12-19,39.71
23236,2011-12-19,22.67
22936,2011-12-19,6.26
20652,2011-12-19,13.22
22632,2011-12-19,147.78
22636,2011-12-19,18.24
22638,2011-12-19,37.57
22643,2011-12-19,30.4
22642,2011-12-19,32.15
22728,2011-12-19,121.06
20618,2011-12-19,6.274333333333334
23170,2011-12-19,35.93
22924,2011-12-19,70.51
22928,2011-12-19,14.87
23231,2011-12-19,97.53
22931,2011-12-19,15.26
22641,2011-12-19,3.035
22819,2011-12-19,31.37
22640,2011-12-19,13.48
22930,2011-12-19,33.98
90210B,2011-12-19,10.92
22639,2011-12-19,49.43
22730,2011-12-19,69.19
15056BL,2011-12-19,58.39
23232,2011-12-19,230.66
23106,2011-12-19,21.13
21210,2011-12-19,66.9
22495,2011-12-19,54.13
22566,2011-12-19,28.96
21980,2011-12-19,57.8
21981,2011-12-19,42.3
84086B,2011-12-19,10.5
21086,2011-12-19,37.68
21982,2011-12-19,69.56
21983,2011-12-19,40.82
21088,2011-12-19,31.06
84077,2011-12-19,761.14
21985,2011-12-19,67.13
21084,2011-12-19,27.5
21986,2011-12-19,13.21
84051,2011-12-19,13.51
21987,2011-12-19,21.64
21988,2011-12-19,17.28
21984,2011-12-19,24.21
21080,2011-12-19,94.97
84199,2011-12-19,8.4
21976,2011-12-19,38.29
21935,2011-12-19,22.3
21936,2011-12-19,25.04
21094,2011-12-19,33.46
21944,2011-12-19,37.66
21945,2011-12-19,8.21
21947,2011-12-19,11.91
21977,2011-12-19,215.6
84251G,2011-12-19,19.89666666666667
21955,2011-12-19,22.84
21967,2011-12-19,34.65
21974,2011-12-19,42.66
21975,2011-12-19,62.91
84212,2011-12-19,89.91
85062,2011-12-19,33.88
21090,2011-12-19,10.0
21934,2011-12-19,46.78
21989,2011-12-19,26.33
84032B,2011-12-19,80.41
84006,2011-12-19,35.73
22037,2011-12-19,165.6
85071A,2011-12-19,15.12
82616C,2011-12-19,5.92
22038,2011-12-19,28.06
82613D,2011-12-19,7.23
22031,2011-12-19,22.54
22041,2011-12-19,105.43
21068,2011-12-19,13.37
82613B,2011-12-19,3.492
22045,2011-12-19,82.66
22046,2011-12-19,36.83
82600,2011-12-19,194.72
22055,2011-12-19,141.29
22042,2011-12-19,23.57
21990,2011-12-19,25.71
22030,2011-12-19,73.27
22029,2011-12-19,229.41
21991,2011-12-19,14.14
84032A,2011-12-19,47.33
21993,2011-12-19,43.19
84031B,2011-12-19,22.02
84031A,2011-12-19,51.73
85066,2011-12-19,70.64
84012,2011-12-19,97.92
22023,2011-12-19,22.12
22024,2011-12-19,37.57
22025,2011-12-19,22.59
84029G,2011-12-19,127.14
22027,2011-12-19,147.75
22028,2011-12-19,37.12
84029E,2011-12-19,141.81
84030E,2011-12-19,37.74
84347,2011-12-19,424.74
21933,2011-12-19,30.91
21932,2011-12-19,87.69
84510E,2011-12-19,6.48
21874,2011-12-19,55.48
21875,2011-12-19,46.0
84510A,2011-12-19,75.71
21876,2011-12-19,44.97
21877,2011-12-19,35.97
21873,2011-12-19,30.0
21878,2011-12-19,16.8
21880,2011-12-19,15.45
84509E,2011-12-19,16.546666666666667
84509B,2011-12-19,10.06
21883,2011-12-19,9.75
21111,2011-12-19,120.65
84509A,2011-12-19,12.39
84509G,2011-12-19,9.68
21889,2011-12-19,120.1
84519A,2011-12-19,13.97
21871,2011-12-19,76.82
21833,2011-12-19,33.99
21843,2011-12-19,42.78
84536A,2011-12-19,61.93
21844,2011-12-19,12.39
21846,2011-12-19,5.335
84535B,2011-12-19,7.75
21872,2011-12-19,32.3
21850,2011-12-19,5.827380952380952
21864,2011-12-19,28.64
21865,2011-12-19,5.53
21866,2011-12-19,10.8
21867,2011-12-19,5.78
84519B,2011-12-19,5.6
21115,2011-12-19,82.75
85053,2011-12-19,82.41
21890,2011-12-19,20.59
21891,2011-12-19,106.77
21892,2011-12-19,32.16
21917,2011-12-19,29.81
84378,2011-12-19,124.23
21918,2011-12-19,40.11
21922,2011-12-19,6.41
21925,2011-12-19,9.35
21926,2011-12-19,9.7
21916,2011-12-19,53.93
84375,2011-12-19,62.74
21929,2011-12-19,96.36
21930,2011-12-19,131.96
85061W,2011-12-19,48.77
21931,2011-12-19,112.38
21098,2011-12-19,58.5
84356,2011-12-19,61.85
21928,2011-12-19,139.52
21915,2011-12-19,48.08
84380,2011-12-19,58.66
21914,2011-12-19,329.09
21894,2011-12-19,28.4
21899,2011-12-19,39.28
21109,2011-12-19,143.74
21900,2011-12-19,30.3
21901,2011-12-19,48.26
21902,2011-12-19,37.72
21903,2011-12-19,46.06
21905,2011-12-19,56.47
85059,2011-12-19,7.89
21907,2011-12-19,29.41
21108,2011-12-19,344.65
84429A,2011-12-19,11.29
21908,2011-12-19,97.42
21912,2011-12-19,128.58
21913,2011-12-19,7.72
22057,2011-12-19,84.13
82583,2011-12-19,55.04
85071B,2011-12-19,69.8
22059,2011-12-19,279.7
79063C,2011-12-19,13.19
85099B,2011-12-19,537.4
79051A,2011-12-19,35.63
22139,2011-12-19,99.27
22141,2011-12-19,38.72
21035,2011-12-19,89.7
22138,2011-12-19,166.6
22142,2011-12-19,54.54
22150,2011-12-19,93.71
22151,2011-12-19,136.01
75178,2011-12-19,5.83
21034,2011-12-19,34.39
75049L,2011-12-19,60.95
22153,2011-12-19,81.9
22144,2011-12-19,94.46
22154,2011-12-19,99.05
22135,2011-12-19,7.51
79066K,2011-12-19,19.22
21051,2011-12-19,12.91
22121,2011-12-19,10.48
21042,2011-12-19,5.146666666666667
22123,2011-12-19,56.87
79190B,2011-12-19,28.31
22124,2011-12-19,25.91
22134,2011-12-19,188.57
79190A,2011-12-19,20.6
22131,2011-12-19,11.55
79160,2011-12-19,9.16
21039,2011-12-19,7.08
22132,2011-12-19,23.35
22133,2011-12-19,16.56
79149B,2011-12-19,3.1680952380952387
22130,2011-12-19,31.2
22155,2011-12-19,41.23
72819,2011-12-19,48.04
22156,2011-12-19,47.51
72800E,2011-12-19,57.9
22185,2011-12-19,174.92
22186,2011-12-19,22.49
21015,2011-12-19,59.78
22187,2011-12-19,34.02
72800C,2011-12-19,36.23
72801C,2011-12-19,18.12
22188,2011-12-19,239.26
22189,2011-12-19,214.35
72799E,2011-12-19,56.91
22190,2011-12-19,79.29
72799C,2011-12-19,30.01
72780,2011-12-19,5.92
72760B,2011-12-19,13.36
72800B,2011-12-19,45.81
22182,2011-12-19,56.33
72801D,2011-12-19,13.46
22179,2011-12-19,35.27
72811,2011-12-19,5.31
22158,2011-12-19,42.89
22161,2011-12-19,58.43
22163,2011-12-19,28.21
22165,2011-12-19,114.58
22166,2011-12-19,26.77285714285714
22167,2011-12-19,2.12
22169,2011-12-19,34.37
85099C,2011-12-19,212.28
22170,2011-12-19,29.01
22171,2011-12-19,18.83
22173,2011-12-19,24.14
22174,2011-12-19,43.16
22175,2011-12-19,67.65
22178,2011-12-19,296.3
79191B,2011-12-19,11.26
21832,2011-12-19,9.43
22119,2011-12-19,74.0
79191D,2011-12-19,6.88
82578,2011-12-19,84.46
22075,2011-12-19,122.79
22076,2011-12-19,121.2
22077,2011-12-19,81.57
82567,2011-12-19,36.05
22078,2011-12-19,46.32
22074,2011-12-19,79.64
22079,2011-12-19,36.98
22080,2011-12-19,29.64
22081,2011-12-19,31.74
22082,2011-12-19,36.67
22083,2011-12-19,84.56
82551,2011-12-19,43.43
22084,2011-12-19,7.445833333333333
85071D,2011-12-19,16.09
22085,2011-12-19,8.63
21064,2011-12-19,42.5
22071,2011-12-19,14.42
22061,2011-12-19,104.28
22063,2011-12-19,97.86
82582,2011-12-19,106.7
22064,2011-12-19,209.87
22065,2011-12-19,278.58
22066,2011-12-19,23.28
22072,2011-12-19,107.58
21065,2011-12-19,9.31
22067,2011-12-19,35.345
22068,2011-12-19,88.6
22069,2011-12-19,53.43
82580,2011-12-19,51.33
85071C,2011-12-19,11.49
22070,2011-12-19,15.1
82581,2011-12-19,68.26
22086,2011-12-19,778.64
22087,2011-12-19,83.3
82494L,2011-12-19,129.1
22109,2011-12-19,60.0
82001S,2011-12-19,16.32
22110,2011-12-19,30.55
22111,2011-12-19,203.1
22112,2011-12-19,219.86
22113,2011-12-19,63.54
22108,2011-12-19,15.62
79321,2011-12-19,228.96
22115,2011-12-19,31.37
22116,2011-12-19,14.91
22117,2011-12-19,2.8689999999999998
79302M,2011-12-19,27.03
21055,2011-12-19,3.93
22118,2011-12-19,57.71
22114,2011-12-19,223.32
22107,2011-12-19,39.22
82482,2011-12-19,79.29
22101,2011-12-19,32.33
22090,2011-12-19,57.59
22091,2011-12-19,23.83
82486,2011-12-19,61.42
22092,2011-12-19,13.91
22093,2011-12-19,18.13
22094,2011-12-19,44.9
82484,2011-12-19,198.96
21059,2011-12-19,19.74
22095,2011-12-19,47.51
22096,2011-12-19,149.07
22097,2011-12-19,166.19
22098,2011-12-19,19.04
82483,2011-12-19,19.99
22099,2011-12-19,21.06
22100,2011-12-19,79.95
79191C,2011-12-19,56.73
21828,2011-12-19,14.15
21822,2011-12-19,31.17
21819,2011-12-19,160.49
21403,2011-12-19,76.77
85039A,2011-12-19,8.29
21408,2011-12-19,64.51
21181,2011-12-19,323.49
21411,2011-12-19,212.96
21415,2011-12-19,28.68
21401,2011-12-19,31.35
21417,2011-12-19,92.16
21420,2011-12-19,25.334880952380953
84968E,2011-12-19,5.55
21175,2011-12-19,154.99
84968D,2011-12-19,8.189916666666662
21425,2011-12-19,11.91
21427,2011-12-19,6.43
21418,2011-12-19,14.02
21428,2011-12-19,23.59
84970L,2011-12-19,58.25
21189,2011-12-19,33.89
21371,2011-12-19,7.9
21373,2011-12-19,28.65
84978,2011-12-19,107.26
21191,2011-12-19,35.55
21377,2011-12-19,14.81
21378,2011-12-19,17.87
21390,2011-12-19,36.05
21379,2011-12-19,19.08
21381,2011-12-19,9.41
84971S,2011-12-19,64.49
85038,2011-12-19,83.3
21383,2011-12-19,13.54
21385,2011-12-19,30.01
84970S,2011-12-19,75.33
84976,2011-12-19,14.05
21429,2011-12-19,62.91
85039B,2011-12-19,4.33
21430,2011-12-19,23.45
84946,2011-12-19,317.46
21479,2011-12-19,99.95
84945,2011-12-19,245.69
85040A,2011-12-19,12.44
21481,2011-12-19,80.02
21484,2011-12-19,113.86
21469,2011-12-19,6.5553333333333335
21485,2011-12-19,76.33
21495,2011-12-19,101.55
21167,2011-12-19,181.8
21497,2011-12-19,212.54
21498,2011-12-19,160.24
84927F,2011-12-19,14.62
21499,2011-12-19,59.84
21494,2011-12-19,41.24
21169,2011-12-19,108.84
21466,2011-12-19,6.67
84947,2011-12-19,152.02
84951B,2011-12-19,36.06
21439,2011-12-19,35.71
21441,2011-12-19,78.46
21442,2011-12-19,95.84
84950,2011-12-19,33.88
21174,2011-12-19,74.31
21446,2011-12-19,16.21
21452,2011-12-19,19.7
21454,2011-12-19,7.948666666666668
84949,2011-12-19,221.98
21455,2011-12-19,5.71
21456,2011-12-19,16.49
21172,2011-12-19,46.59
21462,2011-12-19,67.3
21463,2011-12-19,28.78
21366,2011-12-19,6.462999999999999
21166,2011-12-19,234.43
21365,2011-12-19,21.33
21194,2011-12-19,15.86
21231,2011-12-19,82.72
21232,2011-12-19,188.1
85019B,2011-12-19,15.67
21238,2011-12-19,20.99
85019A,2011-12-19,31.57
21239,2011-12-19,15.58
21224,2011-12-19,8.31
21240,2011-12-19,22.23
21243,2011-12-19,39.73
85015,2011-12-19,37.05
21245,2011-12-19,72.93
21248,2011-12-19,14.8
21249,2011-12-19,10.76
85014B,2011-12-19,16.54
21242,2011-12-19,90.11
21253,2011-12-19,9.69
21222,2011-12-19,11.974999999999998
21221,2011-12-19,12.56
85034B,2011-12-19,41.69
21212,2011-12-19,181.01
21213,2011-12-19,63.15
85034C,2011-12-19,48.6
85032C,2011-12-19,21.51
21216,2011-12-19,44.32
85026B,2011-12-19,40.11
85032B,2011-12-19,50.61
21209,2011-12-19,41.58
21218,2011-12-19,25.29
85032A,2011-12-19,13.84
21219,2011-12-19,6.31
21220,2011-12-19,8.34
21208,2011-12-19,32.54
21217,2011-12-19,26.36
21257,2011-12-19,9.68
21258,2011-12-19,34.72
85014A,2011-12-19,12.92
84993A,2011-12-19,25.73
21317,2011-12-19,5.9
21326,2011-12-19,263.09
84992,2011-12-19,124.52
21198,2011-12-19,15.22
21327,2011-12-19,22.96
21314,2011-12-19,137.24
21328,2011-12-19,33.68
84991,2011-12-19,109.64
21340,2011-12-19,24.06
21344,2011-12-19,3.35
21351,2011-12-19,6.54
21196,2011-12-19,14.33
21355,2011-12-19,11.16
21329,2011-12-19,24.09
21313,2011-12-19,20.33
84997A,2011-12-19,61.3
21292,2011-12-19,70.5
21259,2011-12-19,18.79
21260,2011-12-19,14.12
21261,2011-12-19,2.04
84997D,2011-12-19,51.57
21204,2011-12-19,12.67
21262,2011-12-19,24.61
21263,2011-12-19,17.54
21264,2011-12-19,10.88
21265,2011-12-19,11.075
84997C,2011-12-19,53.63
21284,2011-12-19,51.05
21285,2011-12-19,124.82
21286,2011-12-19,60.96
84997B,2011-12-19,44.07
21287,2011-12-19,44.41
21358,2011-12-19,2.21
85099F,2011-12-19,76.24
84926F,2011-12-19,11.78
84926E,2011-12-19,15.75
21707,2011-12-19,7.12
84711B,2011-12-19,2.242
84708B,2011-12-19,6.64
84707B,2011-12-19,8.189916666666662
84707A,2011-12-19,22.53
21132,2011-12-19,9.549999999999999
21706,2011-12-19,4.71
84692,2011-12-19,62.99
21131,2011-12-19,11.49
21714,2011-12-19,33.15
21715,2011-12-19,9.16
21716,2011-12-19,4.91
21718,2011-12-19,14.37
21724,2011-12-19,5.8075
21713,2011-12-19,4.4375
21128,2011-12-19,8.189916666666662
21135,2011-12-19,123.37
21704,2011-12-19,80.16
21673,2011-12-19,36.1
21137,2011-12-19,1058.08
21679,2011-12-19,11.55
84792,2011-12-19,20.77
21680,2011-12-19,24.14
21684,2011-12-19,11.68
21705,2011-12-19,363.12
21689,2011-12-19,3.66
21693,2011-12-19,16.36
84755,2011-12-19,74.0
21136,2011-12-19,32.07
21698,2011-12-19,21.75
21700,2011-12-19,9.28
21703,2011-12-19,59.43
85049E,2011-12-19,20.83
21726,2011-12-19,13.273333333333333
21730,2011-12-19,18.45
21731,2011-12-19,260.51
21788,2011-12-19,26.59
84596F,2011-12-19,74.1
21790,2011-12-19,229.16
21791,2011-12-19,163.17
84596B,2011-12-19,84.1
21803,2011-12-19,32.05
21787,2011-12-19,177.83
21808,2011-12-19,11.85
21122,2011-12-19,48.47
21810,2011-12-19,259.38
21812,2011-12-19,4.23
21813,2011-12-19,11.7
21818,2011-12-19,86.41
21121,2011-12-19,108.21
21809,2011-12-19,52.43
21786,2011-12-19,37.26
21123,2011-12-19,23.59
84596G,2011-12-19,17.87
21733,2011-12-19,135.79
84661B,2011-12-19,26.82
84661A,2011-12-19,46.41
21739,2011-12-19,3.59
21742,2011-12-19,18.15
21745,2011-12-19,39.26
84658,2011-12-19,2.868809523809524
21754,2011-12-19,33.05
21755,2011-12-19,15.3
84625A,2011-12-19,20.2
85049G,2011-12-19,21.48
21756,2011-12-19,28.03
21124,2011-12-19,34.44
84600,2011-12-19,2.01
21770,2011-12-19,43.69
21672,2011-12-19,37.07
21504,2011-12-19,41.23
84804A,2011-12-19,12.35
84806A,2011-12-19,62.79
21544,2011-12-19,34.27
85049A,2011-12-19,87.65
84880,2011-12-19,7.065
21557,2011-12-19,8.41
84879,2011-12-19,597.47
21559,2011-12-19,32.34
21537,2011-12-19,14.05
21561,2011-12-19,7.91
21563,2011-12-19,220.98
21564,2011-12-19,213.77
21576,2011-12-19,12.8
21579,2011-12-19,15.03
21159,2011-12-19,78.57
21584,2011-12-19,25.58
21162,2011-12-19,45.14
21588,2011-12-19,155.06
21535,2011-12-19,22.81
21533,2011-12-19,27.58
21506,2011-12-19,105.98
84926D,2011-12-19,26.15
21507,2011-12-19,82.93
85048,2011-12-19,49.67
21508,2011-12-19,27.3
21509,2011-12-19,56.1
21534,2011-12-19,8.11
21165,2011-12-19,53.26
21519,2011-12-19,32.31
21523,2011-12-19,39.16
21524,2011-12-19,27.56
21164,2011-12-19,20.44
21530,2011-12-19,21.65
21531,2011-12-19,11.87
84920,2011-12-19,3.69
21591,2011-12-19,69.65
21592,2011-12-19,221.48
21158,2011-12-19,31.5
21155,2011-12-19,26.53
21640,2011-12-19,20.72
84820,2011-12-19,33.929
84819,2011-12-19,111.49
21650,2011-12-19,59.91
21666,2011-12-19,14.81
84821,2011-12-19,36.45
21154,2011-12-19,50.37
84817,2011-12-19,121.58
21669,2011-12-19,43.22
21670,2011-12-19,23.6
84813,2011-12-19,25.87
84806B,2011-12-19,21.4
21671,2011-12-19,94.31
21668,2011-12-19,20.24
21638,2011-12-19,17.05
84826,2011-12-19,80.69
21630,2011-12-19,8.85
21616,2011-12-19,29.01
84843,2011-12-19,5.933333333333334
21619,2011-12-19,31.58
21620,2011-12-19,58.77
84836,2011-12-19,47.79
85049C,2011-12-19,9.9
21621,2011-12-19,56.16
21622,2011-12-19,1.43
21623,2011-12-19,77.42
84832,2011-12-19,60.35
21625,2011-12-19,2.79
21628,2011-12-19,3.8366666666666664
21156,2011-12-19,80.13
84828,2011-12-19,15.39
21629,2011-12-19,4.452333333333333
84804B,2011-12-19,41.98
23313,2011-12-19,133.92
22191,2011-12-19,9.46
22193,2011-12-19,21.65
23515,2011-12-19,15.51
23512,2011-12-19,30.44
20763,2011-12-19,9.81
23511,2011-12-19,27.51
23510,2011-12-19,33.68
23509,2011-12-19,14.69
23521,2011-12-19,8.28
20762,2011-12-19,5.620166666666666
23507,2011-12-19,54.73
23506,2011-12-19,72.47
23505,2011-12-19,70.26
23504,2011-12-19,61.65
23503,2011-12-19,107.14
20761,2011-12-19,8.96
23508,2011-12-19,43.75
23502,2011-12-19,15.28
23522,2011-12-19,18.5
23524,2011-12-19,24.9
23538,2011-12-19,7.37
23537,2011-12-19,25.12
23536,2011-12-19,13.79
23535,2011-12-19,121.25
23534,2011-12-19,20.91
23533,2011-12-19,11.11
23523,2011-12-19,18.14
23532,2011-12-19,12.47
85169C,2011-12-19,17.839333333333332
23530,2011-12-19,133.33
23527,2011-12-19,9.17
23526,2011-12-19,92.09
20764,2011-12-19,6.07
23525,2011-12-19,12.02
23531,2011-12-19,141.78
23540,2011-12-19,1.4786547619047619
23501,2011-12-19,156.81
23499,2011-12-19,113.75
23475,2011-12-19,27.74
23474,2011-12-19,27.64
23473,2011-12-19,43.75
23472,2011-12-19,6.61
23469,2011-12-19,14.62
23467,2011-12-19,4.98
23479,2011-12-19,12.48
23466,2011-12-19,7.06
23463,2011-12-19,5.78
20755,2011-12-19,19.6
23462,2011-12-19,12.41
23461,2011-12-19,399.22
23459,2011-12-19,5.185
23458,2011-12-19,6.955833333333333
23464,2011-12-19,4.56
23500,2011-12-19,76.88
23480,2011-12-19,117.71
23482,2011-12-19,22.19
23497,2011-12-19,583.35
23496,2011-12-19,9.9
23495,2011-12-19,51.89
23494,2011-12-19,35.64
20759,2011-12-19,2.21
23493,2011-12-19,186.35
23481,2011-12-19,28.2
23491,2011-12-19,12.45
23489,2011-12-19,40.83
23487,2011-12-19,6.11
23486,2011-12-19,107.66
23485,2011-12-19,10.27
20758,2011-12-19,8.15
23483,2011-12-19,72.92
23490,2011-12-19,58.61
23542,2011-12-19,92.02
23543,2011-12-19,450.7
23544,2011-12-19,2.49
35095B,2011-12-19,24.65
20781,2011-12-19,5.35
22522,2011-12-19,14.02
35095A,2011-12-19,26.97
35004G,2011-12-19,17.19
22529,2011-12-19,44.82
22517,2011-12-19,1.3401428571428573
35004B,2011-12-19,12.52
22531,2011-12-19,52.74
35001G,2011-12-19,12.69
23697,2011-12-19,63.25
23695,2011-12-19,137.01
23694,2011-12-19,36.76
23691,2011-12-19,135.03
22530,2011-12-19,92.32
23681,2011-12-19,239.19
20782,2011-12-19,2.66
22513,2011-12-19,33.7
22496,2011-12-19,64.02
22498,2011-12-19,2.02
22499,2011-12-19,36.49
22500,2011-12-19,65.154
22505,2011-12-19,33.08
35648,2011-12-19,13.89
22515,2011-12-19,1.956
22507,2011-12-19,13.2
22508,2011-12-19,18.83
22509,2011-12-19,80.08
22510,2011-12-19,17.99
22511,2011-12-19,31.59
22512,2011-12-19,14.193333333333335
35471D,2011-12-19,50.64
85152,2011-12-19,556.94
23661,2011-12-19,16.37
23660,2011-12-19,14.05
23598,2011-12-19,156.66
23553,2011-12-19,84.8
20769,2011-12-19,7.51
23551,2011-12-19,54.72
23550,2011-12-19,42.61
22532,2011-12-19,40.35
20768,2011-12-19,33.13
23554,2011-12-19,10.12
23548,2011-12-19,44.02
23547,2011-12-19,77.2
85169A,2011-12-19,17.13
23546,2011-12-19,107.55
22534,2011-12-19,62.42
23545,2011-12-19,92.52
20767,2011-12-19,9.08
22533,2011-12-19,15.34
23555,2011-12-19,7.03
23556,2011-12-19,9.88
23557,2011-12-19,3.34
23597,2011-12-19,85.53
23583,2011-12-19,332.5
23582,2011-12-19,514.66
23581,2011-12-19,352.27
20772,2011-12-19,26.69
23579,2011-12-19,70.77
23574,2011-12-19,1.744392857142857
23571,2011-12-19,94.15
23570,2011-12-19,151.0
23569,2011-12-19,156.57
23565,2011-12-19,30.84
23564,2011-12-19,25.85
20771,2011-12-19,10.28
23559,2011-12-19,38.89
23558,2011-12-19,10.21
23457,2011-12-19,13.87
23455,2011-12-19,15.89
85173,2011-12-19,28.74
23454,2011-12-19,20.59
23344,2011-12-19,669.91
22546,2011-12-19,80.01
23343,2011-12-19,290.15
22547,2011-12-19,104.97
23342,2011-12-19,6.86
85180B,2011-12-19,8.4
22545,2011-12-19,110.41
23341,2011-12-19,10.84
22549,2011-12-19,137.3
23340,2011-12-19,25.73
23339,2011-12-19,11.36
22550,2011-12-19,17.7
23338,2011-12-19,51.26
20719,2011-12-19,164.92
20723,2011-12-19,46.07
23337,2011-12-19,8.15
23345,2011-12-19,26.8
22544,2011-12-19,382.99
23356,2011-12-19,96.32
23355,2011-12-19,261.76
23354,2011-12-19,56.18
23353,2011-12-19,77.29
22540,2011-12-19,148.3
23352,2011-12-19,72.3
23346,2011-12-19,59.86
23351,2011-12-19,81.24
22543,2011-12-19,78.92
23349,2011-12-19,81.25
85179A,2011-12-19,12.11
85179C,2011-12-19,29.36
20724,2011-12-19,274.35
23347,2011-12-19,26.47
23350,2011-12-19,87.18
22551,2011-12-19,101.58
23336,2011-12-19,17.65
22553,2011-12-19,51.25
23321,2011-12-19,85.61
22561,2011-12-19,134.54
23320,2011-12-19,200.0
23319,2011-12-19,96.75
20713,2011-12-19,162.45
22562,2011-12-19,35.04
22560,2011-12-19,185.51
23318,2011-12-19,124.76
23317,2011-12-19,6.15
23316,2011-12-19,22.25
20712,2011-12-19,65.74
22564,2011-12-19,51.55
23315,2011-12-19,27.87
23314,2011-12-19,16.25
22563,2011-12-19,85.41
23322,2011-12-19,43.79
22558,2011-12-19,176.88
23323,2011-12-19,45.15
23335,2011-12-19,27.97
22554,2011-12-19,98.52
23334,2011-12-19,61.05
23333,2011-12-19,51.41
22555,2011-12-19,80.0
23332,2011-12-19,102.34
23331,2011-12-19,75.85
20718,2011-12-19,183.78
23330,2011-12-19,28.07
22556,2011-12-19,152.87
23329,2011-12-19,57.6
23328,2011-12-19,96.14
23326,2011-12-19,85.5
20717,2011-12-19,20.93
22557,2011-12-19,86.31
23357,2011-12-19,44.42
22494,2011-12-19,9.37
23358,2011-12-19,72.84
20725,2011-12-19,234.68
23419,2011-12-19,20.35
23418,2011-12-19,27.51
23417,2011-12-19,50.6
23416,2011-12-19,22.425333333333327
20749,2011-12-19,89.92
23415,2011-12-19,64.42
20750,2011-12-19,21.03
23413,2011-12-19,9.19
23407,2011-12-19,20.89
23406,2011-12-19,20.61
23405,2011-12-19,16.31
23404,2011-12-19,118.24
23403,2011-12-19,14.17
23401,2011-12-19,105.97
23408,2011-12-19,12.42
20735,2011-12-19,7.82
23424,2011-12-19,25.81
23426,2011-12-19,30.25
23453,2011-12-19,14.64
23452,2011-12-19,40.34
23451,2011-12-19,18.28
23445,2011-12-19,94.32
23444,2011-12-19,5.77
23439,2011-12-19,249.36
23425,2011-12-19,67.79
23438,2011-12-19,48.83666666666666
23437,2011-12-19,31.76
23435,2011-12-19,20.67
23434,2011-12-19,54.44
23432,2011-12-19,27.75
85174,2011-12-19,12.49
23427,2011-12-19,5.345
22536,2011-12-19,44.19
23400,2011-12-19,6.78
23399,2011-12-19,27.34
23398,2011-12-19,23.34
23376,2011-12-19,67.59
23375,2011-12-19,22.02
23374,2011-12-19,52.0
23372,2011-12-19,25.95
23371,2011-12-19,44.07
23370,2011-12-19,54.63
20727,2011-12-19,148.13
23369,2011-12-19,32.16
20726,2011-12-19,73.52
23367,2011-12-19,125.13
23366,2011-12-19,76.81
23365,2011-12-19,42.62
23360,2011-12-19,9.32
23359,2011-12-19,30.84
23368,2011-12-19,67.44
23377,2011-12-19,23.22
23378,2011-12-19,56.94
23379,2011-12-19,16.21
20733,2011-12-19,9.509166666666665
23396,2011-12-19,24.01
23395,2011-12-19,23.76
23394,2011-12-19,22.31
23393,2011-12-19,20.49
20728,2011-12-19,125.55
23392,2011-12-19,10.67
23391,2011-12-19,21.72
23390,2011-12-19,75.45
23389,2011-12-19,43.6
23388,2011-12-19,27.88
23382,2011-12-19,201.94
23381,2011-12-19,62.25
23380,2011-12-19,78.97
85176,2011-12-19,14.52
22539,2011-12-19,216.14
22493,2011-12-19,45.96
20828,2011-12-19,13.29
22492,2011-12-19,280.62
22307,2011-12-19,23.31
22308,2011-12-19,12.983333333333334
22309,2011-12-19,8.78
85123A,2011-12-19,558.86
22310,2011-12-19,20.63
20975,2011-12-19,98.99
48173C,2011-12-19,10.94
48138,2011-12-19,44.53
22311,2011-12-19,109.7
22312,2011-12-19,34.67
22313,2011-12-19,22.37
48129,2011-12-19,15.0
20974,2011-12-19,40.97
22314,2011-12-19,50.71
22993,2011-12-19,287.05
22315,2011-12-19,5.71
22306,2011-12-19,20.97
22304,2011-12-19,47.8
48188,2011-12-19,6.6033333333333335
22294,2011-12-19,39.38
20979,2011-12-19,41.18
22295,2011-12-19,34.29
48187,2011-12-19,68.49
22297,2011-12-19,38.59
22305,2011-12-19,10.62
22299,2011-12-19,276.08
20978,2011-12-19,38.2
22300,2011-12-19,28.42
22301,2011-12-19,28.87
22302,2011-12-19,53.23
48184,2011-12-19,44.98
22303,2011-12-19,38.73
48185,2011-12-19,47.9
22316,2011-12-19,4.52
48116,2011-12-19,7.38
22319,2011-12-19,373.04
47590B,2011-12-19,20.0
22346,2011-12-19,85.83
22348,2011-12-19,22.65
22350,2011-12-19,18.17
20970,2011-12-19,29.01
22352,2011-12-19,19.14
22345,2011-12-19,54.26
22355,2011-12-19,181.34
47580,2011-12-19,3.96
22357,2011-12-19,8.03
22359,2011-12-19,1.43
22360,2011-12-19,7.89
20969,2011-12-19,19.11
22361,2011-12-19,11.91
22356,2011-12-19,77.71
22344,2011-12-19,63.4
20971,2011-12-19,154.0
22343,2011-12-19,149.73
22320,2011-12-19,7.83
48111,2011-12-19,15.46
20973,2011-12-19,164.66
22326,2011-12-19,156.68
22327,2011-12-19,33.45
22328,2011-12-19,69.12
22329,2011-12-19,7.96
20972,2011-12-19,66.22
22331,2011-12-19,37.87
22333,2011-12-19,30.95
22334,2011-12-19,9.41
22335,2011-12-19,16.53
47593B,2011-12-19,121.07
22338,2011-12-19,317.53
47591D,2011-12-19,113.26
22283,2011-12-19,6.37
22362,2011-12-19,8.12
48194,2011-12-19,29.97
20981,2011-12-19,66.03
72349B,2011-12-19,19.32
85111,2011-12-19,7.8
22210,2011-12-19,67.47
22211,2011-12-19,34.05
72232,2011-12-19,120.08
22212,2011-12-19,45.87
22209,2011-12-19,60.23
20996,2011-12-19,76.0
22215,2011-12-19,59.854
22216,2011-12-19,122.09
22217,2011-12-19,170.35
20992,2011-12-19,115.24
22219,2011-12-19,42.33
22220,2011-12-19,42.05
22214,2011-12-19,13.28
22221,2011-12-19,41.1
22208,2011-12-19,18.41
72351A,2011-12-19,10.12
85104,2011-12-19,45.01
72741,2011-12-19,72.19
22195,2011-12-19,38.41
22196,2011-12-19,66.67
22197,2011-12-19,3166.88
72598,2011-12-19,41.33
22207,2011-12-19,53.21
22199,2011-12-19,42.81
85107,2011-12-19,41.82
21012,2011-12-19,74.12
22200,2011-12-19,27.581999999999997
22201,2011-12-19,19.07
22203,2011-12-19,37.41
22204,2011-12-19,8.744833333333334
72351B,2011-12-19,9.14
72122,2011-12-19,9.85
22222,2011-12-19,11.98
71477,2011-12-19,220.46
62018,2011-12-19,32.63
22269,2011-12-19,28.13
85114C,2011-12-19,19.73
22273,2011-12-19,46.23
22274,2011-12-19,31.78
22276,2011-12-19,6.0225
22266,2011-12-19,58.46
51014C,2011-12-19,45.61
22277,2011-12-19,10.2
22278,2011-12-19,4.65
51014A,2011-12-19,85.34
22279,2011-12-19,12.98
22280,2011-12-19,6.81
22281,2011-12-19,5.595
20982,2011-12-19,92.69
70006,2011-12-19,52.64
20983,2011-12-19,82.19
70007,2011-12-19,36.46
22224,2011-12-19,14.11
22227,2011-12-19,70.15
71459,2011-12-19,77.92
20986,2011-12-19,10.27
22228,2011-12-19,16.54
22231,2011-12-19,19.03
22232,2011-12-19,52.38
22233,2011-12-19,13.9
71053,2011-12-19,21.52
85114B,2011-12-19,12.76
20985,2011-12-19,26.94
22252,2011-12-19,18.41
22254,2011-12-19,22.97
22255,2011-12-19,18.43
22262,2011-12-19,10.34
22282,2011-12-19,7.16
22192,2011-12-19,20.77
22363,2011-12-19,4.863214285714285
22365,2011-12-19,18.1
22440,2011-12-19,39.38
37450,2011-12-19,10.2
22441,2011-12-19,13.89
22442,2011-12-19,109.9
37449,2011-12-19,10.16
22445,2011-12-19,5.55
20846,2011-12-19,24.36
85136A,2011-12-19,6.688
22447,2011-12-19,9.44
22448,2011-12-19,18.16
37448,2011-12-19,23.14
85136C,2011-12-19,2.445
22452,2011-12-19,7.1775
20840,2011-12-19,18.21
22446,2011-12-19,25.3
22453,2011-12-19,22.59
22439,2011-12-19,47.06
22437,2011-12-19,38.95
22426,2011-12-19,10.19
22428,2011-12-19,5.26
22429,2011-12-19,8.04
37500,2011-12-19,13.41
20866,2011-12-19,4.37
22430,2011-12-19,8.23
22438,2011-12-19,218.09
22431,2011-12-19,12.21
22432,2011-12-19,42.46
22433,2011-12-19,22.03
22434,2011-12-19,22.56
22435,2011-12-19,42.05
22436,2011-12-19,55.06
85135C,2011-12-19,7.57
37495,2011-12-19,10.04
22456,2011-12-19,11.75
22457,2011-12-19,510.83
20839,2011-12-19,22.9
35967,2011-12-19,21.5
22483,2011-12-19,51.04
22485,2011-12-19,24.21
22486,2011-12-19,11.830666666666666
35964,2011-12-19,45.5
85150,2011-12-19,41.34
22481,2011-12-19,76.89
20831,2011-12-19,36.02
22487,2011-12-19,9.94
20829,2011-12-19,21.54
22488,2011-12-19,44.23
22489,2011-12-19,187.88
35953,2011-12-19,162.29
22491,2011-12-19,36.87
35961,2011-12-19,12.39
35970,2011-12-19,200.23
22478,2011-12-19,21.46
22476,2011-12-19,402.9
37446,2011-12-19,14.41
22460,2011-12-19,40.29666666666667
22464,2011-12-19,291.46
22465,2011-12-19,180.67
22466,2011-12-19,47.08
22467,2011-12-19,179.83
22468,2011-12-19,13.06
22469,2011-12-19,174.87
22470,2011-12-19,80.48
22471,2011-12-19,28.1
22472,2011-12-19,52.84
22473,2011-12-19,24.49
22474,2011-12-19,47.54
22475,2011-12-19,33.54
20832,2011-12-19,54.89
22425,2011-12-19,12.7
22364,2011-12-19,4.0
20867,2011-12-19,10.28
22423,2011-12-19,234.49
47504H,2011-12-19,50.44
20956,2011-12-19,23.19
22384,2011-12-19,61.36
22385,2011-12-19,178.64
47503H,2011-12-19,2.57
22386,2011-12-19,151.43
22383,2011-12-19,77.93
22389,2011-12-19,23.94
22390,2011-12-19,39.75
22391,2011-12-19,21.29
22393,2011-12-19,146.02
22394,2011-12-19,17.84
85130D,2011-12-19,4.95
22395,2011-12-19,44.4
20936,2011-12-19,5.96
47480,2011-12-19,65.96
22382,2011-12-19,132.19
22380,2011-12-19,62.14
20963,2011-12-19,42.67
22366,2011-12-19,19.14
22367,2011-12-19,91.6
22371,2011-12-19,31.45
47566,2011-12-19,63.87
85130B,2011-12-19,12.27
85130C,2011-12-19,3.24
22372,2011-12-19,5.65
22375,2011-12-19,10.26
47563A,2011-12-19,6.41
20961,2011-12-19,55.95
22376,2011-12-19,2.34
47559B,2011-12-19,37.08
22379,2011-12-19,31.1
22374,2011-12-19,12.91
22396,2011-12-19,18.59
22398,2011-12-19,96.48
20933,2011-12-19,3.67
46000S,2011-12-19,12.61
22414,2011-12-19,10.52
22417,2011-12-19,72.2
46000R,2011-12-19,8.6
22418,2011-12-19,55.42
46000M,2011-12-19,9.7
22413,2011-12-19,944.36
20869,2011-12-19,8.83
22420,2011-12-19,37.6
22421,2011-12-19,66.78
44235,2011-12-19,7.45
20868,2011-12-19,33.54
44234,2011-12-19,9.2
22422,2011-12-19,263.77
22419,2011-12-19,98.44
46118,2011-12-19,28.01
46776B,2011-12-19,9.815
22411,2011-12-19,245.27
20932,2011-12-19,32.62
47469,2011-12-19,39.33
22400,2011-12-19,27.86
22402,2011-12-19,20.42
47421,2011-12-19,34.62
20931,2011-12-19,15.41
22403,2011-12-19,17.89
22405,2011-12-19,63.03
22406,2011-12-19,56.67
22407,2011-12-19,11.974999999999998
22408,2011-12-19,25.03
22409,2011-12-19,1.744392857142857
47310M,2011-12-19,17.61
22410,2011-12-19,47.47
20914,2011-12-19,73.0
22424,2011-12-19,5.93
POST,2011-12-19,61.66
